truncate file_config_categories;
INSERT INTO file_config_categories (uuid, created_at, updated_at, parent_id, code, name, description) VALUES ('f0d68ad8-45be-4751-9674-a7df0ffe4551', CURRENT_TIMESTAMP, CURRENT_TIMESTAMP, NULL, '001', 'Hồ sơ pháp lý', 'Vui lòng cung cấp file Ảnh/PDF chụp từ bản gốc, có màu, rõ nét các nội dung, thông tin, không bị lóe sáng, mất góc.');
INSERT INTO file_config_categories (uuid, created_at, updated_at, parent_id, code, name, description) VALUES ('45ee53f3-ad59-4afc-ab76-92e87c7bf1a7', CURRENT_TIMESTAMP, CURRENT_TIMESTAMP, 'f0d68ad8-45be-4751-9674-a7df0ffe4551', '001-001', 'Hồ sơ của bạn', '');
INSERT INTO file_config_categories (uuid, created_at, updated_at, parent_id, code, name, description) VALUES ('c2f620c6-4322-4e9c-aed7-d9c0dbd48e27', CURRENT_TIMESTAMP, CURRENT_TIMESTAMP, 'f0d68ad8-45be-4751-9674-a7df0ffe4551', '001-002', 'Hồ sơ của Vợ/Chồng bạn', '');
INSERT INTO file_config_categories (uuid, created_at, updated_at, parent_id, code, name, description) VALUES ('e34c5f5f-40c3-4bf8-8ef2-e2871b87f67d', CURRENT_TIMESTAMP, CURRENT_TIMESTAMP, 'f0d68ad8-45be-4751-9674-a7df0ffe4551', '001-003', 'Hồ sơ của người đồng trả nợ', '');
INSERT INTO file_config_categories (uuid, created_at, updated_at, parent_id, code, name, description) VALUES ('c77a6bef-48d3-4641-a2bc-5656dce0d49c', CURRENT_TIMESTAMP, CURRENT_TIMESTAMP, 'f0d68ad8-45be-4751-9674-a7df0ffe4551', '001-004', 'Hồ sơ của người liên hệ', '');
INSERT INTO file_config_categories (uuid, created_at, updated_at, parent_id, code, name, description) VALUES ('3f864516-c8a1-44b4-bda0-36779e58baff', CURRENT_TIMESTAMP, CURRENT_TIMESTAMP, NULL, '002', 'Hồ sơ nguồn thu', 'Vui lòng cung cấp file Ảnh/PDF chụp từ bản gốc, có màu, rõ nét các nội dung, thông tin, không bị lóe sáng, mất góc.');
INSERT INTO file_config_categories (uuid, created_at, updated_at, parent_id, code, name, description) VALUES ('c725ea2a-77dd-4127-a16f-b568c7df9988', CURRENT_TIMESTAMP, CURRENT_TIMESTAMP, '3f864516-c8a1-44b4-bda0-36779e58baff', '002-001', 'Nguồn thu từ lương', '');
INSERT INTO file_config_categories (uuid, created_at, updated_at, parent_id, code, name, description) VALUES ('8b13c554-b210-4d76-9539-59687f03e0a2', CURRENT_TIMESTAMP, CURRENT_TIMESTAMP, '3f864516-c8a1-44b4-bda0-36779e58baff', '002-002', 'Nguồn thu từ doanh nghiệp', '');
INSERT INTO file_config_categories (uuid, created_at, updated_at, parent_id, code, name, description) VALUES ('113f49ab-9294-47ca-a5f3-3564080d2187', CURRENT_TIMESTAMP, CURRENT_TIMESTAMP, '3f864516-c8a1-44b4-bda0-36779e58baff', '002-003', 'Nguồn thu từ hộ kinh doanh', '');
INSERT INTO file_config_categories (uuid, created_at, updated_at, parent_id, code, name, description) VALUES ('d7693550-23f4-44f7-bf45-89cb42db52b9', CURRENT_TIMESTAMP, CURRENT_TIMESTAMP, '3f864516-c8a1-44b4-bda0-36779e58baff', '002-004', 'Nguồn thu khác', '');
INSERT INTO file_config_categories (uuid, created_at, updated_at, parent_id, code, name, description) VALUES ('cb9ae172-7973-4704-92fc-dddf933112a4', CURRENT_TIMESTAMP, CURRENT_TIMESTAMP, '3f864516-c8a1-44b4-bda0-36779e58baff', '002-005', 'Nguồn thu từ tài sản tích luỹ', '');
INSERT INTO file_config_categories (uuid, created_at, updated_at, parent_id, code, name, description) VALUES ('78b4ac7f-a81e-4771-b143-e669a4bb0507', CURRENT_TIMESTAMP, CURRENT_TIMESTAMP, '3f864516-c8a1-44b4-bda0-36779e58baff', '002-006', 'Nguồn thu giả định khác', '');
INSERT INTO file_config_categories (uuid, created_at, updated_at, parent_id, code, name, description) VALUES ('43235f51-0b06-4482-8278-7108d98aad42', CURRENT_TIMESTAMP, CURRENT_TIMESTAMP, NULL, '003', 'Hồ sơ tài sản bảo đảm', 'Vui lòng cung cấp file Ảnh/PDF chụp từ bản gốc, có màu, rõ nét các nội dung, thông tin, không bị lóe sáng, mất góc.');
INSERT INTO file_config_categories (uuid, created_at, updated_at, parent_id, code, name, description) VALUES ('2678b715-d7b4-4188-be0f-85b7b0ce8a4c', CURRENT_TIMESTAMP, CURRENT_TIMESTAMP, '43235f51-0b06-4482-8278-7108d98aad42', '003-001', 'Hồ sơ tài sản bảo đảm', '');
INSERT INTO file_config_categories (uuid, created_at, updated_at, parent_id, code, name, description) VALUES ('6e4fec18-31e5-4bdb-9479-e7c53995a6a8', CURRENT_TIMESTAMP, CURRENT_TIMESTAMP, '43235f51-0b06-4482-8278-7108d98aad42', '003-002', 'Hồ sơ của chủ tài sản', '');
INSERT INTO file_config_categories (uuid, created_at, updated_at, parent_id, code, name, description) VALUES ('81dd6dc7-d5e7-4b2f-bfc3-3214290778ad', CURRENT_TIMESTAMP, CURRENT_TIMESTAMP, NULL, '004', 'Hồ sơ mục đích', 'Vui lòng cung cấp file Ảnh/PDF chụp từ bản gốc, có màu, rõ nét các nội dung, thông tin, không bị lóe sáng, mất góc.');
INSERT INTO file_config_categories (uuid, created_at, updated_at, parent_id, code, name, description) VALUES ('2d11d105-b364-4b2e-b54c-2efbf76e142c', CURRENT_TIMESTAMP, CURRENT_TIMESTAMP, NULL, '005', 'Thẩm định của ĐVKD', '');
INSERT INTO file_config_categories (uuid, created_at, updated_at, parent_id, code, name, description) VALUES ('dd170492-d2c2-4404-9463-f9ccc7283abd', CURRENT_TIMESTAMP, CURRENT_TIMESTAMP, '2d11d105-b364-4b2e-b54c-2efbf76e142c', '005-001', 'Hồ sơ thực địa', '');
INSERT INTO file_config_categories (uuid, created_at, updated_at, parent_id, code, name, description) VALUES ('a5dce578-c38a-41cb-b171-9c1473aecd16', CURRENT_TIMESTAMP, CURRENT_TIMESTAMP, '2d11d105-b364-4b2e-b54c-2efbf76e142c', '005-002', 'Hồ sơ nghĩa vụ trả nợ của KH', '');
INSERT INTO file_config_categories (uuid, created_at, updated_at, parent_id, code, name, description) VALUES ('224d96f4-c7eb-4221-8f80-489e351a0bcc', CURRENT_TIMESTAMP, CURRENT_TIMESTAMP, NULL, '006', 'Kiểm tra thông tin KH', '');
INSERT INTO file_config_categories (uuid, created_at, updated_at, parent_id, code, name, description) VALUES ('35bd7884-7d46-4dbb-a480-6fc0a1034e39', CURRENT_TIMESTAMP, CURRENT_TIMESTAMP, '224d96f4-c7eb-4221-8f80-489e351a0bcc', '006-001', 'Hồ sơ tín dụng', '');

truncate file_config;
INSERT INTO file_config (uuid, created_at,  updated_at, file_config_category_id, code, name, description, file_format_desc, order_number, max_limit, `require`, short_guide_desc, long_guide_desc, zip_prefix) VALUES ('a9d8f7d0-1c29-4827-a2da-c9b55849c916', CURRENT_TIMESTAMP, CURRENT_TIMESTAMP, '45ee53f3-ad59-4afc-ab76-92e87c7bf1a7', '001-001-001', 'Mặt trước CMND/CCCD', '', 'Ảnh, Word, PDF',1,20,1,'','• Chứng từ còn hiệu lực tại thời điểm giải ngân.<br>• Chứng từ phải rõ nét, không tẩy xoá, không viết đè lên.','HSPL_KHACHHANG');
INSERT INTO file_config (uuid, created_at,  updated_at, file_config_category_id, code, name, description, file_format_desc, order_number, max_limit, `require`, short_guide_desc, long_guide_desc, zip_prefix) VALUES ('94208714-910a-49f2-abf1-01b812dd7407', CURRENT_TIMESTAMP, CURRENT_TIMESTAMP, '45ee53f3-ad59-4afc-ab76-92e87c7bf1a7', '001-001-002', 'Mặt sau CMND/CCCD', '', 'Ảnh, Word, PDF',2,20,1,'','• Chứng từ còn hiệu lực tại thời điểm giải ngân.<br>• Chứng từ phải rõ nét, không tẩy xoá, không viết đè lên.','HSPL_KHACHHANG');
INSERT INTO file_config (uuid, created_at,  updated_at, file_config_category_id, code, name, description, file_format_desc, order_number, max_limit, `require`, short_guide_desc, long_guide_desc, zip_prefix) VALUES ('5e060ef6-bbb4-4eae-9079-89a2c1da6bd6', CURRENT_TIMESTAMP, CURRENT_TIMESTAMP, '45ee53f3-ad59-4afc-ab76-92e87c7bf1a7', '001-001-003', 'Đăng ký kết hôn', '', 'Ảnh, Word, PDF',3,20,1,'','• Giấy tờ cung cấp bản mới nhất:<br>+ Đầy đủ, rõ nét<br>+ Còn hiệu lực','HSPL_KHACHHANG');
INSERT INTO file_config (uuid, created_at,  updated_at, file_config_category_id, code, name, description, file_format_desc, order_number, max_limit, `require`, short_guide_desc, long_guide_desc, zip_prefix) VALUES ('f8fbf492-e2ba-4c6c-97c6-4e74e353c7a7', CURRENT_TIMESTAMP, CURRENT_TIMESTAMP, '45ee53f3-ad59-4afc-ab76-92e87c7bf1a7', '001-001-004', 'Sổ hộ khẩu ', '', 'Chụp tất cả các trang có chữ và 4 trang cuối',4,20,1,'Chụp tất cả các trang có chữ và 4 trang cuối','• Chứng từ thể hiện rõ và đúng địa chỉ hộ khẩu.<br>• Chứng từ có đầy đủ trang và trang cập nhật thông tin (nếu có).','HSPL_KHACHHANG');
INSERT INTO file_config (uuid, created_at,  updated_at, file_config_category_id, code, name, description, file_format_desc, order_number, max_limit, `require`, short_guide_desc, long_guide_desc, zip_prefix) VALUES ('efe5d2a6-f219-4716-baea-fa7fe60a8e8b', CURRENT_TIMESTAMP, CURRENT_TIMESTAMP, '45ee53f3-ad59-4afc-ab76-92e87c7bf1a7', '001-001-005', 'Sổ tạm trú/Xác nhận tạm trú', '', 'Ảnh, Word, PDF',5,20,0,'','• Cung cấp nếu địa chỉ hiện tại của KH khác với địa chỉ thường trú.<br>• Có thể thay bằng các chứng từ khác như: Hóa đơn điện nước, internet có thể hiện tên KH và địa chỉ nơi ở hiện tại','HSPL_KHACHHANG');
INSERT INTO file_config (uuid, created_at,  updated_at, file_config_category_id, code, name, description, file_format_desc, order_number, max_limit, `require`, short_guide_desc, long_guide_desc, zip_prefix) VALUES ('804a05e7-ecc8-486a-9d97-73f990b05a8f', CURRENT_TIMESTAMP, CURRENT_TIMESTAMP, '45ee53f3-ad59-4afc-ab76-92e87c7bf1a7', '001-001-006', 'Giấy xác nhận độc thân ', '', 'Ảnh, Word, PDF',6,20,1,'','• Chứng từ thể hiện đúng họ tên<br>• Bản rõ nét không tẩy xóa, không viết đè lên.<br>• Chứng từ có đóng dấu, chữ ký của chính quyền từ cấp phường/Xã trở lên','HSPL_KHACHHANG');
INSERT INTO file_config (uuid, created_at,  updated_at, file_config_category_id, code, name, description, file_format_desc, order_number, max_limit, `require`, short_guide_desc, long_guide_desc, zip_prefix) VALUES ('92ad96aa-3f19-4606-afed-9fa8c440ae1d', CURRENT_TIMESTAMP, CURRENT_TIMESTAMP, '45ee53f3-ad59-4afc-ab76-92e87c7bf1a7', '001-001-007', 'Quyết định ly hôn/Trích lục bản án quyết ly hôn của Toà án ', '', 'Ảnh, Word, PDF',7,20,1,'','• Chứng từ thể hiện đúng họ tên<br>• Bản rõ nét không tẩy xóa, không viết đè lên.<br>• Chứng từ có đóng dấu, chữ ký của cấp có thẩm quyền','HSPL_KHACHHANG');
INSERT INTO file_config (uuid, created_at,  updated_at, file_config_category_id, code, name, description, file_format_desc, order_number, max_limit, `require`, short_guide_desc, long_guide_desc, zip_prefix) VALUES ('bd90a1a9-b619-4576-a987-e73890e8e0b1', CURRENT_TIMESTAMP, CURRENT_TIMESTAMP, '45ee53f3-ad59-4afc-ab76-92e87c7bf1a7', '001-001-009', 'Giấy báo tử/Hộ khẩu (thể hiện thông tin Người hôn phối đã mất) ', '', 'Ảnh, Word, PDF',8,20,1,'','• Chứng từ thể hiện đúng họ tên<br>• Bản rõ nét không tẩy xóa, không viết đè lên.<br>• Chứng từ có đóng dấu, chữ ký của cấp có thẩm quyền','HSPL_KHACHHANG');
INSERT INTO file_config (uuid, created_at,  updated_at, file_config_category_id, code, name, description, file_format_desc, order_number, max_limit, `require`, short_guide_desc, long_guide_desc, zip_prefix) VALUES ('c652f9e6-a05e-48aa-8eef-415be6d07de6', CURRENT_TIMESTAMP, CURRENT_TIMESTAMP, '45ee53f3-ad59-4afc-ab76-92e87c7bf1a7', '001-001-010', 'Hồ sơ khác', '', 'Ảnh, PDF',9,20,0,'','','HSKHAC_HSKHAC');
INSERT INTO file_config (uuid, created_at,  updated_at, file_config_category_id, code, name, description, file_format_desc, order_number, max_limit, `require`, short_guide_desc, long_guide_desc, zip_prefix) VALUES ('d9fab6db-d4e6-4e09-af71-0085e1fee43d', CURRENT_TIMESTAMP, CURRENT_TIMESTAMP, 'c2f620c6-4322-4e9c-aed7-d9c0dbd48e27', '001-002-001', 'Mặt trước CMND/CCCD ', '', 'Ảnh, Word, PDF',10,20,1,'','• Chứng từ còn hiệu lực tại thời điểm giải ngân.<br>• Chứng từ phải rõ nét, không tẩy xoá, không viết đè lên.','HSPL_NGUOIHONPHOI');
INSERT INTO file_config (uuid, created_at,  updated_at, file_config_category_id, code, name, description, file_format_desc, order_number, max_limit, `require`, short_guide_desc, long_guide_desc, zip_prefix) VALUES ('a929ab99-0aa0-436b-95df-8c64fdf2ba62', CURRENT_TIMESTAMP, CURRENT_TIMESTAMP, 'c2f620c6-4322-4e9c-aed7-d9c0dbd48e27', '001-002-002', 'Mặt sau CMND/CCCD ', '', 'Ảnh, Word, PDF',11,20,1,'','• Chứng từ còn hiệu lực tại thời điểm giải ngân.<br>• Chứng từ phải rõ nét, không tẩy xoá, không viết đè lên.','HSPL_NGUOIHONPHOI');
INSERT INTO file_config (uuid, created_at,  updated_at, file_config_category_id, code, name, description, file_format_desc, order_number, max_limit, `require`, short_guide_desc, long_guide_desc, zip_prefix) VALUES ('b4ee1228-f900-49c6-919d-9528b4946bab', CURRENT_TIMESTAMP, CURRENT_TIMESTAMP, 'c2f620c6-4322-4e9c-aed7-d9c0dbd48e27', '001-002-003', 'Sổ hộ khẩu', '', 'Chụp tất cả các trang có chữ và 4 trang cuối',12,20,1,'Chụp tất cả các trang có chữ và 4 trang cuối','• Chứng từ thể hiện rõ và đúng địa chỉ hộ khẩu.<br>• Chứng từ có đầy đủ trang và trang cập nhật thông tin (nếu có).','HSPL_NGUOIHONPHOI');
INSERT INTO file_config (uuid, created_at,  updated_at, file_config_category_id, code, name, description, file_format_desc, order_number, max_limit, `require`, short_guide_desc, long_guide_desc, zip_prefix) VALUES ('f406fc56-55bb-4348-823d-62e7c645535e', CURRENT_TIMESTAMP, CURRENT_TIMESTAMP, 'c2f620c6-4322-4e9c-aed7-d9c0dbd48e27', '001-002-004', 'Sổ tạm trú/Xác nhận tạm trú', '', 'Ảnh, Word, PDF',13,20,0,'','• Cung cấp nếu địa chỉ hiện tại của KH khác với địa chỉ thường trú.<br>• Có thể thay bằng các chứng từ khác như: Hóa đơn điện nước, internet có thể hiện tên KH và địa chỉ nơi ở hiện tại
','HSPL_NGUOIHONPHOI');
INSERT INTO file_config (uuid, created_at,  updated_at, file_config_category_id, code, name, description, file_format_desc, order_number, max_limit, `require`, short_guide_desc, long_guide_desc, zip_prefix) VALUES ('1016555a-cfef-474d-840c-5bd5fe74e676', CURRENT_TIMESTAMP, CURRENT_TIMESTAMP, 'c2f620c6-4322-4e9c-aed7-d9c0dbd48e27', '001-002-005', 'Hồ sơ khác', '', 'Ảnh, PDF',14,20,0,'','','HSKHAC_HSKHAC');
INSERT INTO file_config (uuid, created_at,  updated_at, file_config_category_id, code, name, description, file_format_desc, order_number, max_limit, `require`, short_guide_desc, long_guide_desc, zip_prefix) VALUES ('b06370eb-20da-4565-847c-d78d81e11eba', CURRENT_TIMESTAMP, CURRENT_TIMESTAMP, 'e34c5f5f-40c3-4bf8-8ef2-e2871b87f67d', '001-003-001', 'Mặt trước CMND/CCCD ', '', 'Ảnh, Word, PDF',15,20,1,'','• Chứng từ còn hiệu lực tại thời điểm giải ngân.<br>• Chứng từ phải rõ nét, không tẩy xoá, không viết đè lên.','HSPL_NGUOIBAOLANH');
INSERT INTO file_config (uuid, created_at,  updated_at, file_config_category_id, code, name, description, file_format_desc, order_number, max_limit, `require`, short_guide_desc, long_guide_desc, zip_prefix) VALUES ('99a1257f-49c7-4217-8345-4c5a3025b3b1', CURRENT_TIMESTAMP, CURRENT_TIMESTAMP, 'e34c5f5f-40c3-4bf8-8ef2-e2871b87f67d', '001-003-002', 'Mặt sau CMND/CCCD', '', 'Ảnh, Word, PDF',16,20,1,'','• Chứng từ còn hiệu lực tại thời điểm giải ngân.<br>• Chứng từ phải rõ nét, không tẩy xoá, không viết đè lên.','HSPL_NGUOIBAOLANH');
INSERT INTO file_config (uuid, created_at,  updated_at, file_config_category_id, code, name, description, file_format_desc, order_number, max_limit, `require`, short_guide_desc, long_guide_desc, zip_prefix) VALUES ('70fcff6c-bd09-44ad-915e-040636ff15d9', CURRENT_TIMESTAMP, CURRENT_TIMESTAMP, 'e34c5f5f-40c3-4bf8-8ef2-e2871b87f67d', '001-003-003', 'Sổ hộ khẩu', '', 'Chụp tất cả các trang có chữ và 4 trang cuối',17,20,1,'Chụp tất cả các trang có chữ và 4 trang cuối','• Chứng từ thể hiện rõ và đúng địa chỉ hộ khẩu.<br>• Chứng từ có đầy đủ trang và trang cập nhật thông tin (nếu có).','HSPL_NGUOIBAOLANH');
INSERT INTO file_config (uuid, created_at,  updated_at, file_config_category_id, code, name, description, file_format_desc, order_number, max_limit, `require`, short_guide_desc, long_guide_desc, zip_prefix) VALUES ('779c29f3-1bb0-482d-8954-7d110d655725', CURRENT_TIMESTAMP, CURRENT_TIMESTAMP, 'e34c5f5f-40c3-4bf8-8ef2-e2871b87f67d', '001-003-004', 'Sổ tạm trú/Xác nhận tạm trú', '', 'Ảnh, Word, PDF',18,20,0,'','• Cung cấp nếu địa chỉ hiện tại của KH khác với địa chỉ thường trú.<br>• Có thể thay bằng các chứng từ khác như: Hóa đơn điện nước, internet có thể hiện tên KH và địa chỉ nơi ở hiện tại
','HSPL_NGUOIBAOLANH');
INSERT INTO file_config (uuid, created_at,  updated_at, file_config_category_id, code, name, description, file_format_desc, order_number, max_limit, `require`, short_guide_desc, long_guide_desc, zip_prefix) VALUES ('f6ac1745-d128-4afe-a059-156351206be4', CURRENT_TIMESTAMP, CURRENT_TIMESTAMP, 'e34c5f5f-40c3-4bf8-8ef2-e2871b87f67d', '001-003-005', 'Đăng ký kết hôn', '', 'Ảnh, Word, PDF',19,20,1,'','• Giấy tờ cung cấp bản mới nhất:<br>+ Đầy đủ, rõ nét<br>+ Còn hiệu lực','HSPL_NGUOIBAOLANH');
INSERT INTO file_config (uuid, created_at,  updated_at, file_config_category_id, code, name, description, file_format_desc, order_number, max_limit, `require`, short_guide_desc, long_guide_desc, zip_prefix) VALUES ('f3df86e3-8399-4715-aaa2-783928380c19', CURRENT_TIMESTAMP, CURRENT_TIMESTAMP, 'e34c5f5f-40c3-4bf8-8ef2-e2871b87f67d', '001-003-006', 'Giấy xác nhận độc thân', '', 'Ảnh, Word, PDF',20,20,1,'','• Chứng từ thể hiện đúng họ tên<br>• Bản rõ nét không tẩy xóa, không viết đè lên.<br>• Chứng từ có đóng dấu, chữ ký của chính quyền từ cấp phường/Xã trở lên','HSPL_NGUOIBAOLANH');
INSERT INTO file_config (uuid, created_at,  updated_at, file_config_category_id, code, name, description, file_format_desc, order_number, max_limit, `require`, short_guide_desc, long_guide_desc, zip_prefix) VALUES ('70dc00c5-c864-405f-8d96-91164c89c8ce', CURRENT_TIMESTAMP, CURRENT_TIMESTAMP, 'e34c5f5f-40c3-4bf8-8ef2-e2871b87f67d', '001-003-007', 'Quyết định ly hôn/Trích lục bản án giải quyết ly hôn của tòa án', '', 'Ảnh, Word, PDF',21,20,1,'','• Chứng từ thể hiện đúng họ tên<br>• Bản rõ nét không tẩy xóa, không viết đè lên.<br>• Chứng từ có đóng dấu, chữ ký của cấp có thẩm quyền','HSPL_NGUOIBAOLANH');
INSERT INTO file_config (uuid, created_at,  updated_at, file_config_category_id, code, name, description, file_format_desc, order_number, max_limit, `require`, short_guide_desc, long_guide_desc, zip_prefix) VALUES ('65cd2601-b281-4a31-8541-bc64e715fac1', CURRENT_TIMESTAMP, CURRENT_TIMESTAMP, 'e34c5f5f-40c3-4bf8-8ef2-e2871b87f67d', '001-003-008', 'Giấy báo tử/ Hộ khẩu (thể hiện thông tin người hôn phối đã mất)', '', 'Ảnh, Word, PDF',22,20,1,'','• Chứng từ thể hiện đúng họ tên<br>• Bản rõ nét không tẩy xóa, không viết đè lên.<br>• Chứng từ có đóng dấu, chữ ký của cấp có thẩm quyền','HSPL_NGUOIBAOLANH');
INSERT INTO file_config (uuid, created_at,  updated_at, file_config_category_id, code, name, description, file_format_desc, order_number, max_limit, `require`, short_guide_desc, long_guide_desc, zip_prefix) VALUES ('1dba9bc8-9ae5-415d-8484-a6277c147ee6', CURRENT_TIMESTAMP, CURRENT_TIMESTAMP, 'e34c5f5f-40c3-4bf8-8ef2-e2871b87f67d', '001-003-009', 'Hồ sơ khác', '', '',23,20,0,'','','HSKHAC_HSKHAC');
INSERT INTO file_config (uuid, created_at,  updated_at, file_config_category_id, code, name, description, file_format_desc, order_number, max_limit, `require`, short_guide_desc, long_guide_desc, zip_prefix) VALUES ('3c9b2c94-dad0-4682-82af-9fb305b769a4', CURRENT_TIMESTAMP, CURRENT_TIMESTAMP, 'c77a6bef-48d3-4641-a2bc-5656dce0d49c', '001-004-001', 'Hồ sơ khác', '', 'Ảnh, PDF',24,20,0,'','','HSKHAC_HSKHAC');
INSERT INTO file_config (uuid, created_at,  updated_at, file_config_category_id, code, name, description, file_format_desc, order_number, max_limit, `require`, short_guide_desc, long_guide_desc, zip_prefix) VALUES ('df03dced-973e-46af-91af-970c65678928', CURRENT_TIMESTAMP, CURRENT_TIMESTAMP, 'c725ea2a-77dd-4127-a16f-b568c7df9988', '002-001-001', 'Hợp đồng lao động ', '', 'Có thể thay thế bằng ảnh chụp ứng dụng BHXH-VSSID/Mẫu xác nhận nhân sự',25,20,1,'Có thể thay thế bằng ảnh chụp ứng dụng BHXH-VSSID/Mẫu xác nhận nhân sự','• KH cung cấp Ảnh chụp ứng dụng bảo hiểm xã hội VSSID hoặc<br>• Giấy tờ cung cấp bản mới nhất:<br>+ Đầy đủ, rõ nét<br>+ Có hiệu lực trong vòng .... tháng<br>• Có thể thay thế bằng: Ảnh chụp ứng dụng bảo hiểm xã hội VSSID/Mẫu xác nhận nhân sự/Quyết định tuyển dụng (đối với nhóm công chức nhà nước)','HSNT_LUONG');
INSERT INTO file_config (uuid, created_at,  updated_at, file_config_category_id, code, name, description, file_format_desc, order_number, max_limit, `require`, short_guide_desc, long_guide_desc, zip_prefix) VALUES ('5f19a858-261f-42dd-9250-85c40053eab0', CURRENT_TIMESTAMP, CURRENT_TIMESTAMP, 'c725ea2a-77dd-4127-a16f-b568c7df9988', '002-001-002', 'Sao kê lương', '', 'Ảnh, Word, PDF',26,20,1,'','• Cung cấp bản chụp sao kê tài khoản ngân hàng có thông tin bút toán chi lương của 3 kỳ lương gần nhất. Sao kê cần có dấu đỏ của ngân hàng.<br>• Trong trường hợp tài khoản lương là bảo mật không thể thực hiện sao kê, quý khách có thể chụp ảnh màn hình internet banking/ mobile banking thay thế.','HSNT_LUONG');
INSERT INTO file_config (uuid, created_at,  updated_at, file_config_category_id, code, name, description, file_format_desc, order_number, max_limit, `require`, short_guide_desc, long_guide_desc, zip_prefix) VALUES ('f868f09d-5367-4c27-adc6-333f9aba93e7', CURRENT_TIMESTAMP, CURRENT_TIMESTAMP, 'c725ea2a-77dd-4127-a16f-b568c7df9988', '002-001-003', 'Xác nhận lương của đơn vị', '', 'Ảnh, Word, PDF',27,20,1,'','• Giấy tờ cung cấp bản mới nhất:<br>+ Đầy đủ, rõ nét<br>+ Xác nhận lương 3 tháng gần nhất','HSNT_LUONG');
INSERT INTO file_config (uuid, created_at,  updated_at, file_config_category_id, code, name, description, file_format_desc, order_number, max_limit, `require`, short_guide_desc, long_guide_desc, zip_prefix) VALUES ('0724eaab-cf06-41fb-9034-01715f6be096', CURRENT_TIMESTAMP, CURRENT_TIMESTAMP, 'c725ea2a-77dd-4127-a16f-b568c7df9988', '002-001-004', 'Hồ sơ khác', '', '',28,20,0,'','• Nếu Phương pháp ghi nhận thu nhập 1 là Kê khai, upload hồ sơ Bảng kê khai thu nhập hoặc Thư giới thiệu có chữ ký của CBNV từ Band 8 trở lên (nếu có) tại Hồ sơ khác','HSKHAC_HSKHAC');
INSERT INTO file_config (uuid, created_at,  updated_at, file_config_category_id, code, name, description, file_format_desc, order_number, max_limit, `require`, short_guide_desc, long_guide_desc, zip_prefix) VALUES ('fc52688e-079a-4b21-92d9-3409d4e81f6b', CURRENT_TIMESTAMP, CURRENT_TIMESTAMP, '8b13c554-b210-4d76-9539-59687f03e0a2', '002-002-001', 'Giấy đăng ký kinh doanh', '', 'Có thể thay thế bằng Điều lệ doanh nghiệp/Quyết định thành lập doanh nghiệp và giấy phép hành nghề',29,20,1,'Có thể thay thế bằng Điều lệ doanh nghiệp/Quyết định thành lập doanh nghiệp và giấy phép hành nghề','• Giấy tờ cung cấp bản mới nhất:<br>+ Đầy đủ, rõ nét<br>+ Có hiệu lực trong vòng .... tháng<br>• Có thể thay thế bằng các chứng từ: Điều lệ doanh nghiệp/
Quyết định thành lập doanh nghiệp và giấy phép hành nghề','HSNT_DOANHNGHIEP');
INSERT INTO file_config (uuid, created_at,  updated_at, file_config_category_id, code, name, description, file_format_desc, order_number, max_limit, `require`, short_guide_desc, long_guide_desc, zip_prefix) VALUES ('cd4d7d38-9c02-4b99-91d0-ba8437354794', CURRENT_TIMESTAMP, CURRENT_TIMESTAMP, '8b13c554-b210-4d76-9539-59687f03e0a2', '002-002-002', 'Giấy chứng nhận hành nghề/Giấy chứng nhận đủ điều kiện kinh doanh', '', 'Ảnh, Word, PDF',30,20,0,'','• Chỉ cung cấp nếu hoạt động kinh doanh yêu cầu phải có GCN theo quy định của pháp luật','HSNT_DOANHNGHIEP');
INSERT INTO file_config (uuid, created_at,  updated_at, file_config_category_id, code, name, description, file_format_desc, order_number, max_limit, `require`, short_guide_desc, long_guide_desc, zip_prefix) VALUES ('8ec1142f-4e06-4e38-8244-86bd22bfbc40', CURRENT_TIMESTAMP, CURRENT_TIMESTAMP, '8b13c554-b210-4d76-9539-59687f03e0a2', '002-002-003', 'Giấy tờ sở hữu địa điểm kinh doanh, kho hàng, nhà xưởng (nếu DN có kho hàng, nhà xưởng)', '', 'Ảnh, Word, PDF',31,20,0,'','• Chứng từ thể hiện rõ quý khách có quyền sở hữu hoặc sử dụng địa điểm kinh doanh trong thời gian vay vốn tại MSB. Trường hợp địa điểm kinh doanh thuộc sở hữu của người thân mà không có hợp đồng thuê cần có chứng từ thể hiện mối quan hệ giữa chủ sở hữu và quý khách<br>• Có thể thay thế bằng các chứng từ: Hợp đồng thuê địa điểm kinh doanh, kho hàng, nhà xưởng<br>Xác nhận của Đơn vị kinh doanh thẩm định trực tiếp trên tờ trình','HSNT_DOANHNGHIEP');
INSERT INTO file_config (uuid, created_at,  updated_at, file_config_category_id, code, name, description, file_format_desc, order_number, max_limit, `require`, short_guide_desc, long_guide_desc, zip_prefix) VALUES ('0557e0a5-0c3b-43af-ab5d-caf10a74c5e7', CURRENT_TIMESTAMP, CURRENT_TIMESTAMP, '8b13c554-b210-4d76-9539-59687f03e0a2', '002-002-004', 'Báo cáo tài chính nội bộ', '', 'Có thể thay thế bằng Báo cáo thuế năm gần nhất/Báo cáo kiểm toán năm gần nhất',32,20,1,'Có thể thay thế bằng Báo cáo thuế năm gần nhất/Báo cáo kiểm toán năm gần nhất','• Chứng từ năm gần nhất<br>• Có thể thay thế bằng các chứng từ: Báo cáo thuế năm gần nhất/Báo cáo kiểm toán năm gần nhất','HSNT_DOANHNGHIEP');
INSERT INTO file_config (uuid, created_at,  updated_at, file_config_category_id, code, name, description, file_format_desc, order_number, max_limit, `require`, short_guide_desc, long_guide_desc, zip_prefix) VALUES ('3da81e89-375e-4ce7-aefb-565fc0748a0e', CURRENT_TIMESTAMP, CURRENT_TIMESTAMP, '8b13c554-b210-4d76-9539-59687f03e0a2', '002-002-005', 'Tờ khai thuế GTGT', '', 'Ảnh, Word, PDF',33,20,0,'','• Chứng từ 6 tháng gần nhất','HSNT_DOANHNGHIEP');
INSERT INTO file_config (uuid, created_at,  updated_at, file_config_category_id, code, name, description, file_format_desc, order_number, max_limit, `require`, short_guide_desc, long_guide_desc, zip_prefix) VALUES ('e6fb9c55-c7de-4dfe-b1eb-df125151dbf2', CURRENT_TIMESTAMP, CURRENT_TIMESTAMP, '8b13c554-b210-4d76-9539-59687f03e0a2', '002-002-006', 'Hợp đồng/Hóa đơn đầu vào, đầu ra tiêu biểu', '', 'Ảnh, Word, PDF',34,20,1,'','• Chứng từ trong 3 tháng gần nhất','HSNT_DOANHNGHIEP');
INSERT INTO file_config (uuid, created_at,  updated_at, file_config_category_id, code, name, description, file_format_desc, order_number, max_limit, `require`, short_guide_desc, long_guide_desc, zip_prefix) VALUES ('85d79032-bd05-4983-8fed-1b6adaaa5c51', CURRENT_TIMESTAMP, CURRENT_TIMESTAMP, '8b13c554-b210-4d76-9539-59687f03e0a2', '002-002-007', 'Sao kê tài khoản thể hiện dòng tiền của DN', '', 'Ảnh, Word, PDF',35,20,1,'','• Chứng từ tối thiểu 6 tháng gần nhất có dấu và chữ ký của ngân hàng sao kê','HSNT_DOANHNGHIEP');
INSERT INTO file_config (uuid, created_at,  updated_at, file_config_category_id, code, name, description, file_format_desc, order_number, max_limit, `require`, short_guide_desc, long_guide_desc, zip_prefix) VALUES ('7024f09f-22e3-4109-93b9-9dd09d6cf3d1', CURRENT_TIMESTAMP, CURRENT_TIMESTAMP, '8b13c554-b210-4d76-9539-59687f03e0a2', '002-002-008', 'Văn bản của cấp có thẩm quyền (về việc phân chia lợi nhuận trong thời gian cấp tín dụng tại MSB) ', '', 'Có thể thay bằng Biên bản họp hội đồng thành viên/Đại hội cổ đông',36,20,0,'Có thể thay bằng Biên bản họp hội đồng thành viên/Đại hội cổ đông','• Không yêu cầu đối với trường hợp công ty chỉ có KH và người hôn phối làm chủ sở hữu<br>• Có thể thay thế bằng các chứng từ: Biên bản họp Hội đồng Thành viên/Đại hội Cổ đông','HSNT_DOANHNGHIEP');
INSERT INTO file_config (uuid, created_at,  updated_at, file_config_category_id, code, name, description, file_format_desc, order_number, max_limit, `require`, short_guide_desc, long_guide_desc, zip_prefix) VALUES ('09ba0b1e-1af0-4545-9a53-74f60b154167', CURRENT_TIMESTAMP, CURRENT_TIMESTAMP, '8b13c554-b210-4d76-9539-59687f03e0a2', '002-002-009', 'Chứng từ chứng minh cổ phần/tỷ lệ góp vốn', '', 'Ảnh, Word, PDF',37,20,1,'','','HSNT_DOANHNGHIEP');
INSERT INTO file_config (uuid, created_at,  updated_at, file_config_category_id, code, name, description, file_format_desc, order_number, max_limit, `require`, short_guide_desc, long_guide_desc, zip_prefix) VALUES ('32615d88-8969-42cd-aa08-d07dbf924fe8', CURRENT_TIMESTAMP, CURRENT_TIMESTAMP, '8b13c554-b210-4d76-9539-59687f03e0a2', '002-002-010', 'Hồ sơ khác', '', 'Ảnh, PDF',38,20,0,'','• Nếu Phương pháp ghi nhận thu nhập 1 là Kê khai, upload hồ sơ Bảng kê khai thu nhập hoặc Thư giới thiệu có chữ ký của CBNV từ Band 8 trở lên (nếu có) tại Hồ sơ khác','HSKHAC_HSKHAC');
INSERT INTO file_config (uuid, created_at,  updated_at, file_config_category_id, code, name, description, file_format_desc, order_number, max_limit, `require`, short_guide_desc, long_guide_desc, zip_prefix) VALUES ('919b4912-1f26-4478-b42c-9ba06e1a274b', CURRENT_TIMESTAMP, CURRENT_TIMESTAMP, '113f49ab-9294-47ca-a5f3-3564080d2187', '002-003-001', 'Giấy đăng ký kinh doanh', '', 'Ảnh, Word, PDF',39,20,1,'','• Đăng ký kinh doanh phải có xác nhận (đóng dấu, chữ ký) của cơ quan chức năng (tối thiểu cấp phường/xã trở lên)','HSNT_KINHDOANH');
INSERT INTO file_config (uuid, created_at,  updated_at, file_config_category_id, code, name, description, file_format_desc, order_number, max_limit, `require`, short_guide_desc, long_guide_desc, zip_prefix) VALUES ('f3b1de0f-b8db-4ab0-af35-a4f9420cf68f', CURRENT_TIMESTAMP, CURRENT_TIMESTAMP, '113f49ab-9294-47ca-a5f3-3564080d2187', '002-003-002', 'Chứng tờ sở hữu địa điểm kinh doanh/ mặt bằng kinh doanh ', '', 'Có thể thay bằng Hợp đồng thuê địa điểm kinh doanh',40,20,0,'Có thể thay bằng Hợp đồng thuê địa điểm kinh doanh','• Chứng từ thể hiện rõ quý khách có quyền sở hữu hoặc sử dụng địa điểm kinh doanh trong thời gian vay vốn tại MSB. Trường hợp địa điểm kinh doanh thuộc sở hữu của người thân mà không có hợp đồng thuê cần có chứng từ thể hiện mối quan hệ giữa chủ sở hữu và quý khách<br>• Có thể thay thế bằng các chứng từ: Hợp đồng thuê địa điểm kinh doanh','HSNT_KINHDOANH');
INSERT INTO file_config (uuid, created_at,  updated_at, file_config_category_id, code, name, description, file_format_desc, order_number, max_limit, `require`, short_guide_desc, long_guide_desc, zip_prefix) VALUES ('f7b67caf-431c-4ab9-beb4-de7ea434bfe4', CURRENT_TIMESTAMP, CURRENT_TIMESTAMP, '113f49ab-9294-47ca-a5f3-3564080d2187', '002-003-003', 'Sổ sách, chứng từ nhập và bán hàng', '', 'Ảnh, Word, PDF',41,20,1,'','• Chứng từ thể hiện tối thiểu 3 tháng gần nhất<br>Chứng từ thể hiện được đầy đủ, chính xác doanh thu/ chi phí của HKD','HSNT_KINHDOANH');
INSERT INTO file_config (uuid, created_at,  updated_at, file_config_category_id, code, name, description, file_format_desc, order_number, max_limit, `require`, short_guide_desc, long_guide_desc, zip_prefix) VALUES ('603bfe4e-8154-4197-ad04-e8a26e515199', CURRENT_TIMESTAMP, CURRENT_TIMESTAMP, '113f49ab-9294-47ca-a5f3-3564080d2187', '002-003-004', 'Chứng từ thuế của HKD', '', 'Có thể thay thế Biên lai thuế môn bài/Biên lai thuế nộp hàng tháng/Giấy nộp tiền đóng thuế qua ngân hàng',42,20,0,'Có thể thay thế Biên lai thuế môn bài/Biên lai thuế nộp hàng tháng/Giấy nộp tiền đóng thuế qua ngân hàng','• Chứng từ cần đảm bảo có xác nhận của cơ quan thuế hoặc UBND địa phương hoặc dấu "Đã thu tiền" của đơn vị tiếp nhận/ ngân hàng<br>• Có thể thay thế bằng các chứng từ: Biên lai thuế môn bài/Biên lai thuế nộp hàng tháng/Giấy nộp tiền đóng thuế qua ngân hàng','HSNT_KINHDOANH');
INSERT INTO file_config (uuid, created_at,  updated_at, file_config_category_id, code, name, description, file_format_desc, order_number, max_limit, `require`, short_guide_desc, long_guide_desc, zip_prefix) VALUES ('f1ea5c76-77f2-4aba-9be2-2a0af335a5df', CURRENT_TIMESTAMP, CURRENT_TIMESTAMP, '113f49ab-9294-47ca-a5f3-3564080d2187', '002-003-006', 'Báo cáo nhanh kết quả hoạt động sản xuất 03 tháng gần nhất', '', 'Ảnh/PDF',43,20,0,'','','HSNT_KINHDOANH');
INSERT INTO file_config (uuid, created_at,  updated_at, file_config_category_id, code, name, description, file_format_desc, order_number, max_limit, `require`, short_guide_desc, long_guide_desc, zip_prefix) VALUES ('e7553543-a4ce-4512-90e5-ad79e91c1e6e', CURRENT_TIMESTAMP, CURRENT_TIMESTAMP, '113f49ab-9294-47ca-a5f3-3564080d2187', '002-003-005', 'Hồ sơ khác', '', '',44,20,0,'','• Nếu Phương pháp ghi nhận thu nhập 1 là Kê khai, upload hồ sơ Bảng kê khai thu nhập hoặc Thư giới thiệu có chữ ký của CBNV từ Band 8 trở lên (nếu có) tại Hồ sơ khác','HSKHAC_HSKHAC');
INSERT INTO file_config (uuid, created_at,  updated_at, file_config_category_id, code, name, description, file_format_desc, order_number, max_limit, `require`, short_guide_desc, long_guide_desc, zip_prefix) VALUES ('acbdf781-7b70-4e5c-8cec-5fcd0739db3c', CURRENT_TIMESTAMP, CURRENT_TIMESTAMP, 'd7693550-23f4-44f7-bf45-89cb42db52b9', '002-004-001', 'Chứng từ chứng minh nguồn gốc nguồn thu', '', 'Ảnh, Word, PDF',45,20,1,'','Ví dụ: nguồn thu từ lãi sổ tiết kiệm -> cung cấp sổ tiết kiệm<br>Nguồn thu từ cho thuê tài sản -> cung cấp sổ đỏ/ đăng ký xe','HSNT_KHAC');
INSERT INTO file_config (uuid, created_at,  updated_at, file_config_category_id, code, name, description, file_format_desc, order_number, max_limit, `require`, short_guide_desc, long_guide_desc, zip_prefix) VALUES ('ea9e1b6a-f5b5-4492-b173-40dfc592844c', CURRENT_TIMESTAMP, CURRENT_TIMESTAMP, 'd7693550-23f4-44f7-bf45-89cb42db52b9', '002-004-002', 'Chứng từ chứng minh độ lớn nguồn thu', '', 'Ảnh, Word, PDF',46,20,1,'','Ví dụ: cung cấp hợp đồng cho thuê tài sản/ sao kê tài khoản thể hiển dòng tiền thu được từ việc cho thuê tài sản','HSNT_KHAC');
INSERT INTO file_config (uuid, created_at,  updated_at, file_config_category_id, code, name, description, file_format_desc, order_number, max_limit, `require`, short_guide_desc, long_guide_desc, zip_prefix) VALUES ('72409a68-1416-43db-8a94-0011843c1ec9', CURRENT_TIMESTAMP, CURRENT_TIMESTAMP, 'd7693550-23f4-44f7-bf45-89cb42db52b9', '002-004-003', 'Hồ sơ khác', '', '',47,20,0,'','• Nếu Phương pháp ghi nhận thu nhập 1 là Kê khai, upload hồ sơ Bảng kê khai thu nhập hoặc Thư giới thiệu có chữ ký của CBNV từ Band 8 trở lên (nếu có) tại Hồ sơ khác','HSKHAC_HSKHAC');
INSERT INTO file_config (uuid, created_at,  updated_at, file_config_category_id, code, name, description, file_format_desc, order_number, max_limit, `require`, short_guide_desc, long_guide_desc, zip_prefix) VALUES ('9a21232b-2729-4193-a761-44aaf34757bb', CURRENT_TIMESTAMP, CURRENT_TIMESTAMP, 'cb9ae172-7973-4704-92fc-dddf933112a4', '002-005-001', 'Sổ đỏ', '', 'Ảnh, Word, PDF',48,20,0,'','• Giấy tờ chứng mình quyền sở hữu tài sản là BĐS<br>• Có thể thay thế bằng các chứng từ: Hợp đồng mua bán trường hợp tài sản thuộc dự án chưa có GCN','HSNT_TICHLUY');
INSERT INTO file_config (uuid, created_at,  updated_at, file_config_category_id, code, name, description, file_format_desc, order_number, max_limit, `require`, short_guide_desc, long_guide_desc, zip_prefix) VALUES ('9afe8cfa-f913-48ce-a7f7-bac58740fc40', CURRENT_TIMESTAMP, CURRENT_TIMESTAMP, 'cb9ae172-7973-4704-92fc-dddf933112a4', '002-005-002', 'Sổ tiết kiệm', '', 'Ảnh, Word, PDF',49,20,0,'','Ví dụ: Bản sao sổ tiết kiệm, Hợp đồng tiền gửi, Chứng chỉ tiền gửi','HSNT_TICHLUY');
INSERT INTO file_config (uuid, created_at,  updated_at, file_config_category_id, code, name, description, file_format_desc, order_number, max_limit, `require`, short_guide_desc, long_guide_desc, zip_prefix) VALUES ('4877243e-8657-416c-8927-1bd625c290dc', CURRENT_TIMESTAMP, CURRENT_TIMESTAMP, 'cb9ae172-7973-4704-92fc-dddf933112a4', '002-005-003', 'Đăng ký xe', '', 'Ảnh, Word, PDF',50,20,0,'','Giấy tờ chứng minh quyền sở hữu tài sản là phương tiện vận tải','HSNT_TICHLUY');
INSERT INTO file_config (uuid, created_at,  updated_at, file_config_category_id, code, name, description, file_format_desc, order_number, max_limit, `require`, short_guide_desc, long_guide_desc, zip_prefix) VALUES ('ac3d6b20-b1a8-42a2-81c4-2858b688764a', CURRENT_TIMESTAMP, CURRENT_TIMESTAMP, 'cb9ae172-7973-4704-92fc-dddf933112a4', '002-005-004', 'Hồ sơ khác', '', 'Ảnh, PDF',51,20,0,'','• Nếu Phương pháp ghi nhận thu nhập 1 là Kê khai, upload hồ sơ Bảng kê khai thu nhập hoặc Thư giới thiệu có chữ ký của CBNV từ Band 8 trở lên (nếu có) tại Hồ sơ khác','HSKHAC_HSKHAC');
INSERT INTO file_config (uuid, created_at,  updated_at, file_config_category_id, code, name, description, file_format_desc, order_number, max_limit, `require`, short_guide_desc, long_guide_desc, zip_prefix) VALUES ('adb88b89-cd4b-4944-bb9e-dd062193799e', CURRENT_TIMESTAMP, CURRENT_TIMESTAMP, '78b4ac7f-a81e-4771-b143-e669a4bb0507', '002-006-001', 'Hồ sơ nguồn thu giả định khác', '', 'Ảnh, PDF',52,20,0,'','• Nếu Phương pháp ghi nhận thu nhập 1 là Kê khai, upload hồ sơ Bảng kê khai thu nhập hoặc Thư giới thiệu có chữ ký của CBNV từ Band 8 trở lên (nếu có) tại Hồ sơ khác','HSNT_GIADINHKHAC');
INSERT INTO file_config (uuid, created_at,  updated_at, file_config_category_id, code, name, description, file_format_desc, order_number, max_limit, `require`, short_guide_desc, long_guide_desc, zip_prefix) VALUES ('766ef413-5ec6-42e2-8911-b8cd64f50938', CURRENT_TIMESTAMP, CURRENT_TIMESTAMP, '2678b715-d7b4-4188-be0f-85b7b0ce8a4c', '003-001-001', 'Giấy chứng nhận quyền sở hữu bất động sản (Sổ đỏ)', '', 'Ảnh, Word, PDF',53,20,1,'','Khách hàng cung cấp Giấy chứng nhận Quyền sở hữu/Quyền sử dụng tài sản','HSTSBĐ_TAISAN');
INSERT INTO file_config (uuid, created_at,  updated_at, file_config_category_id, code, name, description, file_format_desc, order_number, max_limit, `require`, short_guide_desc, long_guide_desc, zip_prefix) VALUES ('e6eca744-e5c6-47ec-a471-503b10baaf2d', CURRENT_TIMESTAMP, CURRENT_TIMESTAMP, '2678b715-d7b4-4188-be0f-85b7b0ce8a4c', '003-001-002', 'Hồ sơ khác', '', '',54,20,0,'','','HSKHAC_HSKHAC');
INSERT INTO file_config (uuid, created_at,  updated_at, file_config_category_id, code, name, description, file_format_desc, order_number, max_limit, `require`, short_guide_desc, long_guide_desc, zip_prefix) VALUES ('08aae28e-1d7f-42b4-abb0-d1d144c9ae75', CURRENT_TIMESTAMP, CURRENT_TIMESTAMP, '6e4fec18-31e5-4bdb-9479-e7c53995a6a8', '003-002-001', 'Mặt trước CMND/CCCD', '', 'Ảnh, Word, PDF',55,20,1,'','• Chứng từ còn hiệu lực tại thời điểm giải ngân.<br>• Chứng từ phải rõ nét, không tẩy xoá, không viết đè lên.','HSTSBĐ_PHAPLY');
INSERT INTO file_config (uuid, created_at,  updated_at, file_config_category_id, code, name, description, file_format_desc, order_number, max_limit, `require`, short_guide_desc, long_guide_desc, zip_prefix) VALUES ('eea8032e-4b83-4f63-b1fb-1fab4dc43cfd', CURRENT_TIMESTAMP, CURRENT_TIMESTAMP, '6e4fec18-31e5-4bdb-9479-e7c53995a6a8', '003-002-002', 'Mặt sau CMND/CCCD ', '', 'Ảnh, Word, PDF',56,20,1,'','• Chứng từ còn hiệu lực tại thời điểm giải ngân.<br>• Chứng từ phải rõ nét, không tẩy xoá, không viết đè lên.','HSTSBĐ_PHAPLY');
INSERT INTO file_config (uuid, created_at,  updated_at, file_config_category_id, code, name, description, file_format_desc, order_number, max_limit, `require`, short_guide_desc, long_guide_desc, zip_prefix) VALUES ('994d159e-3841-4162-a63a-f7ea405a1b77', CURRENT_TIMESTAMP, CURRENT_TIMESTAMP, '6e4fec18-31e5-4bdb-9479-e7c53995a6a8', '003-002-003', 'Sổ hộ khẩu', '', 'Chụp tất cả các trang có chữ và 4 trang cuối',57,20,1,'Chụp tất cả các trang có chữ và 4 trang cuối','• Chứng từ thể hiện rõ và đúng địa chỉ hộ khẩu.<br>• Chứng từ có đầy đủ trang và trang cập nhật thông tin (nếu có).','HSTSBĐ_PHAPLY');
INSERT INTO file_config (uuid, created_at,  updated_at, file_config_category_id, code, name, description, file_format_desc, order_number, max_limit, `require`, short_guide_desc, long_guide_desc, zip_prefix) VALUES ('854e2ff2-7b29-4302-8bef-56e82080d47e', CURRENT_TIMESTAMP, CURRENT_TIMESTAMP, '6e4fec18-31e5-4bdb-9479-e7c53995a6a8', '003-002-004', 'Xác nhận tình trạng hôn nhân', '', 'Ảnh, Word, PDF',58,20,0,'','VD: Đăng ký kết hôn, xác nhận độc thân, giấy ly hôn','HSTSBĐ_PHAPLY');
INSERT INTO file_config (uuid, created_at,  updated_at, file_config_category_id, code, name, description, file_format_desc, order_number, max_limit, `require`, short_guide_desc, long_guide_desc, zip_prefix) VALUES ('0d999964-9e31-4b9b-bff5-6048aa8422a2', CURRENT_TIMESTAMP, CURRENT_TIMESTAMP, '6e4fec18-31e5-4bdb-9479-e7c53995a6a8', '003-002-005', 'Chứng từ chứng minh mối quan hệ giữa Khách hàng/Vợ/Chồng và chủ tài sản', '', 'Chứng từ thay thế bằng giấy khai sinh hoặc sổ hộ khẩu',59,20,0,'Chứng từ thay thế bằng giấy khai sinh hoặc sổ hộ khẩu','- Giấy tờ cung cấp bản mới nhất:<br>+ Đầy đủ, rõ nét<br>+ Còn hiệu lực','HSTSBĐ_PHAPLY');
INSERT INTO file_config (uuid, created_at,  updated_at, file_config_category_id, code, name, description, file_format_desc, order_number, max_limit, `require`, short_guide_desc, long_guide_desc, zip_prefix) VALUES ('98493955-ced4-47e3-bda4-7ce95d28f213', CURRENT_TIMESTAMP, CURRENT_TIMESTAMP, '6e4fec18-31e5-4bdb-9479-e7c53995a6a8', '003-002-006', 'Giấy chứng nhận quyền sỡ hữu bất động sản (Sổ đỏ)', '', 'Ảnh, Word, PDF',60,20,1,'','Khách hàng cung cấp Giấy chứng nhận Quyền sở hữu/Quyền sử dụng tài sản','HSTSBĐ_PHAPLY');
INSERT INTO file_config (uuid, created_at,  updated_at, file_config_category_id, code, name, description, file_format_desc, order_number, max_limit, `require`, short_guide_desc, long_guide_desc, zip_prefix) VALUES ('d164b66f-2295-4718-b062-b0a5fbcab9f4', CURRENT_TIMESTAMP, CURRENT_TIMESTAMP, '6e4fec18-31e5-4bdb-9479-e7c53995a6a8', '003-002-007', 'Hồ sơ khác', '', '',61,20,0,'','','HSKHAC_HSKHAC');
INSERT INTO file_config (uuid, created_at,  updated_at, file_config_category_id, code, name, description, file_format_desc, order_number, max_limit, `require`, short_guide_desc, long_guide_desc, zip_prefix) VALUES ('e71b1424-40bb-43ae-9a60-e8480420f22c', CURRENT_TIMESTAMP, CURRENT_TIMESTAMP, '81dd6dc7-d5e7-4b2f-bfc3-3214290778ad', '004-001', 'Hợp đồng mua bán bất động sản', '', 'Hợp đồng mua bán bất động sản/Hợp đồng đặt cọc',62,20,1,'Hợp đồng mua bán bất động sản/Hợp đồng đặt cọc','• Chứng từ thể hiện đầy đủ thông tin bên mua và bên bán.<br>• Chứng từ thể hiện đầy đủ thông tin BĐS mua bán.<br>• Chứng từ có đầy đủ con dấu, chữ ký của CĐT và khách hàng.','HSPHUONGAN');
INSERT INTO file_config (uuid, created_at,  updated_at, file_config_category_id, code, name, description, file_format_desc, order_number, max_limit, `require`, short_guide_desc, long_guide_desc, zip_prefix) VALUES ('488f89b4-1908-4271-9f6e-3e37b97cabef', CURRENT_TIMESTAMP, CURRENT_TIMESTAMP, '81dd6dc7-d5e7-4b2f-bfc3-3214290778ad', '004-002', 'Chứng nhận quyền sở hữu/ sử dụng tài sản Khách  hàng dự định mua', '', 'Ảnh/PDF',63,20,1,'','• Với BĐS đã có GCN: GCN đứng tên bên bán/ bên chuyển nhượng<br>• Với BĐS chưa có GCN (trường hợp mua, nhận chuyển nhượng BĐS dự án): Hợp đồng mua bán hoặc các văn bản thỏa thuận mua bán, chuyển nhượng tương đương','HSPHUONGAN');
INSERT INTO file_config (uuid, created_at,  updated_at, file_config_category_id, code, name, description, file_format_desc, order_number, max_limit, `require`, short_guide_desc, long_guide_desc, zip_prefix) VALUES ('8ab50dc1-73c5-4959-95e9-26a125813afd', CURRENT_TIMESTAMP, CURRENT_TIMESTAMP, '81dd6dc7-d5e7-4b2f-bfc3-3214290778ad', '004-003', 'Xác nhận thanh toán', '', 'Ảnh/Pdf',64,20,1,'','• Bao gồm nhưng không giới hạn: Biên bản giao nhận tiền, xác nhận nộp tiền, phiếu thu…<br>
• Trường hợp Bên bán là Pháp nhân, chứng từ thanh toán là Sao kê tài khoản/ Uy nhiệm chi/ Phiếu báo có/ Phiếu thu/ Biên lai nhận tiền/ Xác nhận vốn tự có/ Hóa đơn VAT…','HSPHUONGAN');
INSERT INTO file_config (uuid, created_at,  updated_at, file_config_category_id, code, name, description, file_format_desc, order_number, max_limit, `require`, short_guide_desc, long_guide_desc, zip_prefix) VALUES ('1b799f3c-ee43-427a-88fe-95ca233b1331', CURRENT_TIMESTAMP, CURRENT_TIMESTAMP, '81dd6dc7-d5e7-4b2f-bfc3-3214290778ad', '004-004', 'Giấy vay tiền', '', 'Nếu vay hoàn vốn. Ảnh, Word, PDF',65,20,0,'','Áp dụng với trường hợp vay hoàn vốn/vay bù đắp ','HSPHUONGAN');
INSERT INTO file_config (uuid, created_at,  updated_at, file_config_category_id, code, name, description, file_format_desc, order_number, max_limit, `require`, short_guide_desc, long_guide_desc, zip_prefix) VALUES ('61a56233-6ee6-4d64-a1c8-a7cfc3f5449e', CURRENT_TIMESTAMP, CURRENT_TIMESTAMP, '81dd6dc7-d5e7-4b2f-bfc3-3214290778ad', '004-005', 'Chứng từ chứng minh quan hệ giữa Khách hàng/ Người hôn phối và người mua đứng tên trên HĐMB/ Hợp đồng chuyển nhượng BĐS ', '', 'Ảnh/PDF',66,20,0,'','','HSPHUONGAN');
INSERT INTO file_config (uuid, created_at,  updated_at, file_config_category_id, code, name, description, file_format_desc, order_number, max_limit, `require`, short_guide_desc, long_guide_desc, zip_prefix) VALUES ('f00b551d-9355-436c-b576-fede0b91dffe', CURRENT_TIMESTAMP, CURRENT_TIMESTAMP, '81dd6dc7-d5e7-4b2f-bfc3-3214290778ad', '004-006', 'Đơn đề nghị vay vốn', '', 'PDF',67,20,1,'','','HSPHUONGAN');
INSERT INTO file_config (uuid, created_at,  updated_at, file_config_category_id, code, name, description, file_format_desc, order_number, max_limit, `require`, short_guide_desc, long_guide_desc, zip_prefix) VALUES ('07c84591-078a-4c8e-82a9-6e3c58e25637', CURRENT_TIMESTAMP, CURRENT_TIMESTAMP, '81dd6dc7-d5e7-4b2f-bfc3-3214290778ad', '004-007', 'Hồ sơ khác', '', 'Ảnh/PDF',68,20,0,'','• Nếu Phương pháp ghi nhận thu nhập 1 là Kê khai, upload hồ sơ Bảng kê khai thu nhập hoặc Thư giới thiệu có chữ ký của CBNV từ Band 8 trở lên (nếu có) tại Hồ sơ khác','HSKHAC_HSKHAC');
INSERT INTO file_config (uuid, created_at,  updated_at, file_config_category_id, code, name, description, file_format_desc, order_number, max_limit, `require`, short_guide_desc, long_guide_desc, zip_prefix) VALUES ('e2312249-2c20-402e-af43-3e6df063fae9', CURRENT_TIMESTAMP, CURRENT_TIMESTAMP, 'dd170492-d2c2-4404-9463-f9ccc7283abd', '005-001-001', 'Hình ảnh thực địa nơi ở của KH', '', 'Ảnh, PDF',69,20,0,'','Theo mẫu biểu MB03/HD.RR.024','HSKHAC_THUCDIA');
INSERT INTO file_config (uuid, created_at,  updated_at, file_config_category_id, code, name, description, file_format_desc, order_number, max_limit, `require`, short_guide_desc, long_guide_desc, zip_prefix) VALUES ('b53492df-bf48-4315-a337-05e54f5bd9b3', CURRENT_TIMESTAMP, CURRENT_TIMESTAMP, 'dd170492-d2c2-4404-9463-f9ccc7283abd', '005-001-002', 'Hình ảnh thực địa nơi làm việc của KH', '', 'Ảnh, PDF',70,20,0,'','Có đầy đủ thông tin về nguồn thu nhập của người được giới thiệu','HSKHAC_THUCDIA');
INSERT INTO file_config (uuid, created_at,  updated_at, file_config_category_id, code, name, description, file_format_desc, order_number, max_limit, `require`, short_guide_desc, long_guide_desc, zip_prefix) VALUES ('ebbc728b-7875-4160-ab21-cbfcfc87af1c', CURRENT_TIMESTAMP, CURRENT_TIMESTAMP, 'dd170492-d2c2-4404-9463-f9ccc7283abd', '005-001-003', 'Hình ảnh thực địa cơ sở kinh doanh/ doanh nghiệp của KH', '', 'Ảnh, PDF',71,20,0,'','','HSKHAC_THUCDIA');
INSERT INTO file_config (uuid, created_at,  updated_at, file_config_category_id, code, name, description, file_format_desc, order_number, max_limit, `require`, short_guide_desc, long_guide_desc, zip_prefix) VALUES ('e00bec5c-9bb6-469a-b2f4-f12dbf11028b', CURRENT_TIMESTAMP, CURRENT_TIMESTAMP, 'dd170492-d2c2-4404-9463-f9ccc7283abd', '005-001-004', 'Hồ sơ khác', '', '',72,20,0,'','• Nếu Phương pháp ghi nhận thu nhập 1 là Kê khai, upload hồ sơ Bảng kê khai thu nhập hoặc Thư giới thiệu có chữ ký của CBNV từ Band 8 trở lên (nếu có) tại Hồ sơ khác','HSKHAC_HSKHAC');
INSERT INTO file_config (uuid, created_at,  updated_at, file_config_category_id, code, name, description, file_format_desc, order_number, max_limit, `require`, short_guide_desc, long_guide_desc, zip_prefix) VALUES ('a503ac89-f008-4b87-9d16-4e5152ecfefc', CURRENT_TIMESTAMP, CURRENT_TIMESTAMP, 'a5dce578-c38a-41cb-b171-9c1473aecd16', '005-002-001', 'Hợp đồng cho vay hoặc chứng từ trả nợ tại các tổ chức tín dụng khác', '', 'Ảnh, PDF',73,20,0,'','','HSQHTD_NGHIAVUTRANO');
INSERT INTO file_config (uuid, created_at,  updated_at, file_config_category_id, code, name, description, file_format_desc, order_number, max_limit, `require`, short_guide_desc, long_guide_desc, zip_prefix) VALUES ('417ef55a-5974-4224-b57d-c929bcafd74f', CURRENT_TIMESTAMP, CURRENT_TIMESTAMP, 'a5dce578-c38a-41cb-b171-9c1473aecd16', '005-002-002', 'Hồ sơ khác', '', '',74,20,0,'','• Nếu Phương pháp ghi nhận thu nhập 1 là Kê khai, upload hồ sơ Bảng kê khai thu nhập hoặc Thư giới thiệu có chữ ký của CBNV từ Band 8 trở lên (nếu có) tại Hồ sơ khác','HSKHAC_HSKHAC');
INSERT INTO file_config (uuid, created_at,  updated_at, file_config_category_id, code, name, description, file_format_desc, order_number, max_limit, `require`, short_guide_desc, long_guide_desc, zip_prefix) VALUES ('a0961da3-9613-4969-9e66-4090de0f75d4', CURRENT_TIMESTAMP, CURRENT_TIMESTAMP, '35bd7884-7d46-4dbb-a480-6fc0a1034e39', '006-001-001', 'CIC KH', '', 'Ảnh, PDF',75,20,1,'','','HSQHTD_CIC');
INSERT INTO file_config (uuid, created_at,  updated_at, file_config_category_id, code, name, description, file_format_desc, order_number, max_limit, `require`, short_guide_desc, long_guide_desc, zip_prefix) VALUES ('7f7089a2-ea77-4c27-9f86-c33b55cbee8f', CURRENT_TIMESTAMP, CURRENT_TIMESTAMP, '35bd7884-7d46-4dbb-a480-6fc0a1034e39', '006-001-002', 'CIC người hôn phối', '', 'Ảnh, PDF',76,20,1,'','','HSQHTD_CIC');
INSERT INTO file_config (uuid, created_at,  updated_at, file_config_category_id, code, name, description, file_format_desc, order_number, max_limit, `require`, short_guide_desc, long_guide_desc, zip_prefix) VALUES ('4d3047f4-841c-40d1-b65e-f8a2e5e77a96', CURRENT_TIMESTAMP, CURRENT_TIMESTAMP, '35bd7884-7d46-4dbb-a480-6fc0a1034e39', '006-001-003', 'CIC người bảo lãnh trả nợ', '', 'Ảnh, PDF',77,20,1,'','','HSQHTD_CIC');
INSERT INTO file_config (uuid, created_at,  updated_at, file_config_category_id, code, name, description, file_format_desc, order_number, max_limit, `require`, short_guide_desc, long_guide_desc, zip_prefix) VALUES ('9f2acdd7-e976-4038-abf2-47a8df631b65', CURRENT_TIMESTAMP, CURRENT_TIMESTAMP, '35bd7884-7d46-4dbb-a480-6fc0a1034e39', '006-001-004', 'CIC doanh nghiệp', '', 'Ảnh, PDF',78,20,1,'','','HSQHTD_CIC');
INSERT INTO file_config (uuid, created_at,  updated_at, file_config_category_id, code, name, description, file_format_desc, order_number, max_limit, `require`, short_guide_desc, long_guide_desc, zip_prefix) VALUES ('b2ccb66a-96e2-4faa-9959-839caead7937', CURRENT_TIMESTAMP, CURRENT_TIMESTAMP, '35bd7884-7d46-4dbb-a480-6fc0a1034e39', '006-001-005', 'Hồ sơ khác', '', 'Ảnh, PDF',79,20,0,'','','HSKHAC_HSKHAC');

truncate cms_file_rules;
INSERT INTO cms_file_rules (uuid, created_at, updated_at, expression, description) VALUES ('d5bca6ad-ad23-4438-a41a-159e7e30740b', CURRENT_TIMESTAMP, CURRENT_TIMESTAMP, '1==1', '');
INSERT INTO cms_file_rules (uuid, created_at, updated_at, expression, description) VALUES ('48e94986-1cb8-4456-acea-ec9feb73f473', CURRENT_TIMESTAMP, CURRENT_TIMESTAMP, 'marital_status_married==1', '');
INSERT INTO cms_file_rules (uuid, created_at, updated_at, expression, description) VALUES ('1719dd30-2ab3-446d-8d15-1161312b9acf', CURRENT_TIMESTAMP, CURRENT_TIMESTAMP, 'marital_status_single==1||marital_status_divorce==1||marital_status_widow==1', '');
INSERT INTO cms_file_rules (uuid, created_at, updated_at, expression, description) VALUES ('2727b747-804b-46aa-b270-b9c2c38021dd', CURRENT_TIMESTAMP, CURRENT_TIMESTAMP, 'marital_status_divorce==1', '');
INSERT INTO cms_file_rules (uuid, created_at, updated_at, expression, description) VALUES ('baf3ca0d-4577-4b0f-b416-b53005b00ba7', CURRENT_TIMESTAMP, CURRENT_TIMESTAMP, 'marital_status_widow==1', '');
INSERT INTO cms_file_rules (uuid, created_at, updated_at, expression, description) VALUES ('47971135-90b7-4abd-85f7-52e697ee5847', CURRENT_TIMESTAMP, CURRENT_TIMESTAMP, 'has_contact_person==1', '');
INSERT INTO cms_file_rules (uuid, created_at, updated_at, expression, description) VALUES ('0bc12faf-2b6d-4054-8390-addbbc05e9bf', CURRENT_TIMESTAMP, CURRENT_TIMESTAMP, 'has_payer==1', '');
INSERT INTO cms_file_rules (uuid, created_at, updated_at, expression, description) VALUES ('38afe0cc-35e8-4725-b18c-0ab2093bc836', CURRENT_TIMESTAMP, CURRENT_TIMESTAMP, 'payer_marital_married==1', '');
INSERT INTO cms_file_rules (uuid, created_at, updated_at, expression, description) VALUES ('d1c0b47f-8638-43d1-89dc-31e5939e899c', CURRENT_TIMESTAMP, CURRENT_TIMESTAMP, 'payer_marital_single==1||payer_marital_divorce==1||payer_marital_widow==1', '');
INSERT INTO cms_file_rules (uuid, created_at, updated_at, expression, description) VALUES ('abc3a397-b141-4dca-b48f-f0768953a26b', CURRENT_TIMESTAMP, CURRENT_TIMESTAMP, 'payer_marital_divorce==1', '');
INSERT INTO cms_file_rules (uuid, created_at, updated_at, expression, description) VALUES ('62814617-592c-49f7-8146-714b19ee580b', CURRENT_TIMESTAMP, CURRENT_TIMESTAMP, 'payer_marital_widow==1', '');
INSERT INTO cms_file_rules (uuid, created_at, updated_at, expression, description) VALUES ('315a15bb-3345-4854-a9da-2ed20f38eea6', CURRENT_TIMESTAMP, CURRENT_TIMESTAMP, 'has_salary_income==1', '');
INSERT INTO cms_file_rules (uuid, created_at, updated_at, expression, description) VALUES ('460c7448-bf0f-4726-b0fd-9f4ae89b9d34', CURRENT_TIMESTAMP, CURRENT_TIMESTAMP, 'has_salary_income==1&&payment_method_other==1', '');
INSERT INTO cms_file_rules (uuid, created_at, updated_at, expression, description) VALUES ('ff8616ed-a7dd-40b9-830a-93e59a349cda', CURRENT_TIMESTAMP, CURRENT_TIMESTAMP, 'has_salary_income==1&&payment_method_cash==1', '');
INSERT INTO cms_file_rules (uuid, created_at, updated_at, expression, description) VALUES ('35332cec-52ab-4f6b-bf2d-c2eb36f28fef', CURRENT_TIMESTAMP, CURRENT_TIMESTAMP, 'has_business_income==1&&business_type_enterprise==1', '');
INSERT INTO cms_file_rules (uuid, created_at, updated_at, expression, description) VALUES ('c55bf1f6-dc8c-4a69-ba46-951e36c137c6', CURRENT_TIMESTAMP, CURRENT_TIMESTAMP, 'has_business_income==1&&business_type_with_registration==1', '');
INSERT INTO cms_file_rules (uuid, created_at, updated_at, expression, description) VALUES ('1a589658-3c66-4f15-a37b-021a210a0243', CURRENT_TIMESTAMP, CURRENT_TIMESTAMP, 'has_business_income==1&&(business_type_enterprise==1||business_type_with_registration==1)', '');
INSERT INTO cms_file_rules (uuid, created_at, updated_at, expression, description) VALUES ('b998edb6-2935-4f8b-a6fa-67cf1de80a22', CURRENT_TIMESTAMP, CURRENT_TIMESTAMP, 'has_business_income==1&&business_type_other==1', '');
INSERT INTO cms_file_rules (uuid, created_at, updated_at, expression, description) VALUES ('90455108-115f-4a0b-b9b3-9165f3187c0c', CURRENT_TIMESTAMP, CURRENT_TIMESTAMP, 'collateral_province_name_hn_or_hcm==1', '');
INSERT INTO cms_file_rules (uuid, created_at, updated_at, expression, description) VALUES ('f2c57561-e08f-4450-9615-84ac6b5589dd', CURRENT_TIMESTAMP, CURRENT_TIMESTAMP, 'collateral_status_me_or_couple==1', '');
INSERT INTO cms_file_rules (uuid, created_at, updated_at, expression, description) VALUES ('9899f59b-9538-4dd9-b2e0-a1cc688e98e6', CURRENT_TIMESTAMP, CURRENT_TIMESTAMP, 'collateral_status_3rd_or_other==1', '');
INSERT INTO cms_file_rules (uuid, created_at, updated_at, expression, description) VALUES ('1fb7a46d-efb1-4577-bca1-be35e9221766', CURRENT_TIMESTAMP, CURRENT_TIMESTAMP, 'has_other_income==1', '');

truncate cms_file_config_rule;
INSERT INTO cms_file_config_rule(uuid, created_at, updated_at, file_config_id, cms_file_rule_id) VALUES ('ecb840fb-d9e8-4952-b614-6bcdd47c1f3d', CURRENT_TIMESTAMP, CURRENT_TIMESTAMP, 'a9d8f7d0-1c29-4827-a2da-c9b55849c916', 'd5bca6ad-ad23-4438-a41a-159e7e30740b');
INSERT INTO cms_file_config_rule(uuid, created_at, updated_at, file_config_id, cms_file_rule_id) VALUES ('f785ad0e-5f0a-49c3-9272-6cd2e947ea20', CURRENT_TIMESTAMP, CURRENT_TIMESTAMP, '94208714-910a-49f2-abf1-01b812dd7407', 'd5bca6ad-ad23-4438-a41a-159e7e30740b');
INSERT INTO cms_file_config_rule(uuid, created_at, updated_at, file_config_id, cms_file_rule_id) VALUES ('692b5718-284d-4114-aedd-86bfa69b62b6', CURRENT_TIMESTAMP, CURRENT_TIMESTAMP, '5e060ef6-bbb4-4eae-9079-89a2c1da6bd6', '48e94986-1cb8-4456-acea-ec9feb73f473');
INSERT INTO cms_file_config_rule(uuid, created_at, updated_at, file_config_id, cms_file_rule_id) VALUES ('34a9d07c-1d18-4100-a037-c4e9fb24d03a', CURRENT_TIMESTAMP, CURRENT_TIMESTAMP, 'f8fbf492-e2ba-4c6c-97c6-4e74e353c7a7', 'd5bca6ad-ad23-4438-a41a-159e7e30740b');
INSERT INTO cms_file_config_rule(uuid, created_at, updated_at, file_config_id, cms_file_rule_id) VALUES ('dd665f3c-09dd-41c3-b047-8fc3f92d1f24', CURRENT_TIMESTAMP, CURRENT_TIMESTAMP, 'efe5d2a6-f219-4716-baea-fa7fe60a8e8b', 'd5bca6ad-ad23-4438-a41a-159e7e30740b');
INSERT INTO cms_file_config_rule(uuid, created_at, updated_at, file_config_id, cms_file_rule_id) VALUES ('9f7db8fc-a884-42d1-bf16-e4b71de6a851', CURRENT_TIMESTAMP, CURRENT_TIMESTAMP, '804a05e7-ecc8-486a-9d97-73f990b05a8f', '1719dd30-2ab3-446d-8d15-1161312b9acf');
INSERT INTO cms_file_config_rule(uuid, created_at, updated_at, file_config_id, cms_file_rule_id) VALUES ('4e9401cf-772b-43dc-8df6-565a6ec8081b', CURRENT_TIMESTAMP, CURRENT_TIMESTAMP, '92ad96aa-3f19-4606-afed-9fa8c440ae1d', '2727b747-804b-46aa-b270-b9c2c38021dd');
INSERT INTO cms_file_config_rule(uuid, created_at, updated_at, file_config_id, cms_file_rule_id) VALUES ('94758a96-f5fe-4f9c-b1cf-be1341d2edfb', CURRENT_TIMESTAMP, CURRENT_TIMESTAMP, 'bd90a1a9-b619-4576-a987-e73890e8e0b1', 'baf3ca0d-4577-4b0f-b416-b53005b00ba7');
INSERT INTO cms_file_config_rule(uuid, created_at, updated_at, file_config_id, cms_file_rule_id) VALUES ('eb4cd9e8-108f-4212-aa06-744fa6070c4d', CURRENT_TIMESTAMP, CURRENT_TIMESTAMP, 'c652f9e6-a05e-48aa-8eef-415be6d07de6', 'd5bca6ad-ad23-4438-a41a-159e7e30740b');
INSERT INTO cms_file_config_rule(uuid, created_at, updated_at, file_config_id, cms_file_rule_id) VALUES ('1ce70774-ab32-4085-8f2b-6f672db948b7', CURRENT_TIMESTAMP, CURRENT_TIMESTAMP, 'd9fab6db-d4e6-4e09-af71-0085e1fee43d', '48e94986-1cb8-4456-acea-ec9feb73f473');
INSERT INTO cms_file_config_rule(uuid, created_at, updated_at, file_config_id, cms_file_rule_id) VALUES ('46cbea60-a9ec-4c93-ae35-01a10c13f979', CURRENT_TIMESTAMP, CURRENT_TIMESTAMP, 'a929ab99-0aa0-436b-95df-8c64fdf2ba62', '48e94986-1cb8-4456-acea-ec9feb73f473');
INSERT INTO cms_file_config_rule(uuid, created_at, updated_at, file_config_id, cms_file_rule_id) VALUES ('84ee637b-1c47-44c5-a1cf-4b632c056711', CURRENT_TIMESTAMP, CURRENT_TIMESTAMP, 'b4ee1228-f900-49c6-919d-9528b4946bab', '48e94986-1cb8-4456-acea-ec9feb73f473');
INSERT INTO cms_file_config_rule(uuid, created_at, updated_at, file_config_id, cms_file_rule_id) VALUES ('0be24cf0-bbea-47ee-8bc4-62823e810c8c', CURRENT_TIMESTAMP, CURRENT_TIMESTAMP, 'f406fc56-55bb-4348-823d-62e7c645535e', '48e94986-1cb8-4456-acea-ec9feb73f473');
INSERT INTO cms_file_config_rule(uuid, created_at, updated_at, file_config_id, cms_file_rule_id) VALUES ('3cac0c51-dc67-401b-af94-73b8b79824c0', CURRENT_TIMESTAMP, CURRENT_TIMESTAMP, '1016555a-cfef-474d-840c-5bd5fe74e676', '48e94986-1cb8-4456-acea-ec9feb73f473');
INSERT INTO cms_file_config_rule(uuid, created_at, updated_at, file_config_id, cms_file_rule_id) VALUES ('2d884656-3cea-463c-8b64-f134329a721a', CURRENT_TIMESTAMP, CURRENT_TIMESTAMP, 'b06370eb-20da-4565-847c-d78d81e11eba', '0bc12faf-2b6d-4054-8390-addbbc05e9bf');
INSERT INTO cms_file_config_rule(uuid, created_at, updated_at, file_config_id, cms_file_rule_id) VALUES ('741d2a56-97c6-45ba-9c09-6f10997bca4b', CURRENT_TIMESTAMP, CURRENT_TIMESTAMP, '99a1257f-49c7-4217-8345-4c5a3025b3b1', '0bc12faf-2b6d-4054-8390-addbbc05e9bf');
INSERT INTO cms_file_config_rule(uuid, created_at, updated_at, file_config_id, cms_file_rule_id) VALUES ('9fd1cb76-c365-45a3-8a60-c8cc5ddbe83b', CURRENT_TIMESTAMP, CURRENT_TIMESTAMP, '70fcff6c-bd09-44ad-915e-040636ff15d9', '0bc12faf-2b6d-4054-8390-addbbc05e9bf');
INSERT INTO cms_file_config_rule(uuid, created_at, updated_at, file_config_id, cms_file_rule_id) VALUES ('7705d316-7155-4e90-96cd-0516dff4f2c2', CURRENT_TIMESTAMP, CURRENT_TIMESTAMP, '779c29f3-1bb0-482d-8954-7d110d655725', '0bc12faf-2b6d-4054-8390-addbbc05e9bf');
INSERT INTO cms_file_config_rule(uuid, created_at, updated_at, file_config_id, cms_file_rule_id) VALUES ('deadda0c-2440-40e2-8f93-0df9b58050ff', CURRENT_TIMESTAMP, CURRENT_TIMESTAMP, 'f6ac1745-d128-4afe-a059-156351206be4', '38afe0cc-35e8-4725-b18c-0ab2093bc836');
INSERT INTO cms_file_config_rule(uuid, created_at, updated_at, file_config_id, cms_file_rule_id) VALUES ('9b48048d-2e2a-40eb-a90a-9551ed12cafb', CURRENT_TIMESTAMP, CURRENT_TIMESTAMP, 'f3df86e3-8399-4715-aaa2-783928380c19', 'd1c0b47f-8638-43d1-89dc-31e5939e899c');
INSERT INTO cms_file_config_rule(uuid, created_at, updated_at, file_config_id, cms_file_rule_id) VALUES ('a64486c0-a94b-4108-aa30-49d762f01a2e', CURRENT_TIMESTAMP, CURRENT_TIMESTAMP, '70dc00c5-c864-405f-8d96-91164c89c8ce', 'abc3a397-b141-4dca-b48f-f0768953a26b');
INSERT INTO cms_file_config_rule(uuid, created_at, updated_at, file_config_id, cms_file_rule_id) VALUES ('fa81497b-6b12-4c9f-8704-d7c72221ce7a', CURRENT_TIMESTAMP, CURRENT_TIMESTAMP, '65cd2601-b281-4a31-8541-bc64e715fac1', '62814617-592c-49f7-8146-714b19ee580b');
INSERT INTO cms_file_config_rule(uuid, created_at, updated_at, file_config_id, cms_file_rule_id) VALUES ('1f2ff1ce-282a-4ff5-ac3d-57e93287aa75', CURRENT_TIMESTAMP, CURRENT_TIMESTAMP, '1dba9bc8-9ae5-415d-8484-a6277c147ee6', '0bc12faf-2b6d-4054-8390-addbbc05e9bf');
INSERT INTO cms_file_config_rule(uuid, created_at, updated_at, file_config_id, cms_file_rule_id) VALUES ('8be9641a-abb5-4c06-bb1d-f57f2de92a90', CURRENT_TIMESTAMP, CURRENT_TIMESTAMP, '3c9b2c94-dad0-4682-82af-9fb305b769a4', '47971135-90b7-4abd-85f7-52e697ee5847');
INSERT INTO cms_file_config_rule(uuid, created_at, updated_at, file_config_id, cms_file_rule_id) VALUES ('60965d26-0603-4dcd-bf6d-f0584c7ddf1e', CURRENT_TIMESTAMP, CURRENT_TIMESTAMP, 'df03dced-973e-46af-91af-970c65678928', '315a15bb-3345-4854-a9da-2ed20f38eea6');
INSERT INTO cms_file_config_rule(uuid, created_at, updated_at, file_config_id, cms_file_rule_id) VALUES ('503dbba0-5db0-45ac-aefe-3476168116ac', CURRENT_TIMESTAMP, CURRENT_TIMESTAMP, '5f19a858-261f-42dd-9250-85c40053eab0', '460c7448-bf0f-4726-b0fd-9f4ae89b9d34');
INSERT INTO cms_file_config_rule(uuid, created_at, updated_at, file_config_id, cms_file_rule_id) VALUES ('4ca66d63-1f71-44ee-97f1-97a742b46857', CURRENT_TIMESTAMP, CURRENT_TIMESTAMP, 'f868f09d-5367-4c27-adc6-333f9aba93e7', 'ff8616ed-a7dd-40b9-830a-93e59a349cda');
INSERT INTO cms_file_config_rule(uuid, created_at, updated_at, file_config_id, cms_file_rule_id) VALUES ('309e2bc1-db2c-4c41-ab0b-9578dde127cd', CURRENT_TIMESTAMP, CURRENT_TIMESTAMP, '0724eaab-cf06-41fb-9034-01715f6be096', '315a15bb-3345-4854-a9da-2ed20f38eea6');
INSERT INTO cms_file_config_rule(uuid, created_at, updated_at, file_config_id, cms_file_rule_id) VALUES ('1bffb0e4-2236-4978-9ee1-79527d6a3f8b', CURRENT_TIMESTAMP, CURRENT_TIMESTAMP, 'fc52688e-079a-4b21-92d9-3409d4e81f6b', '35332cec-52ab-4f6b-bf2d-c2eb36f28fef');
INSERT INTO cms_file_config_rule(uuid, created_at, updated_at, file_config_id, cms_file_rule_id) VALUES ('a0052c02-0a23-4abf-94db-a2239264e934', CURRENT_TIMESTAMP, CURRENT_TIMESTAMP, 'cd4d7d38-9c02-4b99-91d0-ba8437354794', '35332cec-52ab-4f6b-bf2d-c2eb36f28fef');
INSERT INTO cms_file_config_rule(uuid, created_at, updated_at, file_config_id, cms_file_rule_id) VALUES ('153fb8b7-8a4c-4bc2-897d-8fdd62f11caf', CURRENT_TIMESTAMP, CURRENT_TIMESTAMP, '8ec1142f-4e06-4e38-8244-86bd22bfbc40', '35332cec-52ab-4f6b-bf2d-c2eb36f28fef');
INSERT INTO cms_file_config_rule(uuid, created_at, updated_at, file_config_id, cms_file_rule_id) VALUES ('8916f4ca-7ab2-4668-b149-54c4a2dcd0c5', CURRENT_TIMESTAMP, CURRENT_TIMESTAMP, '0557e0a5-0c3b-43af-ab5d-caf10a74c5e7', '35332cec-52ab-4f6b-bf2d-c2eb36f28fef');
INSERT INTO cms_file_config_rule(uuid, created_at, updated_at, file_config_id, cms_file_rule_id) VALUES ('057527bd-7fff-4e4d-8388-bc93e36ea767', CURRENT_TIMESTAMP, CURRENT_TIMESTAMP, '3da81e89-375e-4ce7-aefb-565fc0748a0e', '35332cec-52ab-4f6b-bf2d-c2eb36f28fef');
INSERT INTO cms_file_config_rule(uuid, created_at, updated_at, file_config_id, cms_file_rule_id) VALUES ('541597dd-695e-46cd-8942-5cbf2edccb6a', CURRENT_TIMESTAMP, CURRENT_TIMESTAMP, 'e6fb9c55-c7de-4dfe-b1eb-df125151dbf2', '35332cec-52ab-4f6b-bf2d-c2eb36f28fef');
INSERT INTO cms_file_config_rule(uuid, created_at, updated_at, file_config_id, cms_file_rule_id) VALUES ('bcd738d6-6abd-4bd8-90ad-cec3bc98df94', CURRENT_TIMESTAMP, CURRENT_TIMESTAMP, '85d79032-bd05-4983-8fed-1b6adaaa5c51', '35332cec-52ab-4f6b-bf2d-c2eb36f28fef');
INSERT INTO cms_file_config_rule(uuid, created_at, updated_at, file_config_id, cms_file_rule_id) VALUES ('65198fa0-1e82-4b29-9aef-755c521b1d39', CURRENT_TIMESTAMP, CURRENT_TIMESTAMP, '7024f09f-22e3-4109-93b9-9dd09d6cf3d1', '35332cec-52ab-4f6b-bf2d-c2eb36f28fef');
INSERT INTO cms_file_config_rule(uuid, created_at, updated_at, file_config_id, cms_file_rule_id) VALUES ('e86fb1dd-1921-41d6-9e61-c4c3d45559c1', CURRENT_TIMESTAMP, CURRENT_TIMESTAMP, '09ba0b1e-1af0-4545-9a53-74f60b154167', '35332cec-52ab-4f6b-bf2d-c2eb36f28fef');
INSERT INTO cms_file_config_rule(uuid, created_at, updated_at, file_config_id, cms_file_rule_id) VALUES ('959be402-160f-4b24-ac85-2a37d1ddb50c', CURRENT_TIMESTAMP, CURRENT_TIMESTAMP, '32615d88-8969-42cd-aa08-d07dbf924fe8', '35332cec-52ab-4f6b-bf2d-c2eb36f28fef');
INSERT INTO cms_file_config_rule(uuid, created_at, updated_at, file_config_id, cms_file_rule_id) VALUES ('647995af-907b-4076-8c8f-1fddff7c4ced', CURRENT_TIMESTAMP, CURRENT_TIMESTAMP, '919b4912-1f26-4478-b42c-9ba06e1a274b', 'c55bf1f6-dc8c-4a69-ba46-951e36c137c6');
INSERT INTO cms_file_config_rule(uuid, created_at, updated_at, file_config_id, cms_file_rule_id) VALUES ('fe0ea575-5fbe-4834-8f0c-74e7353c9831', CURRENT_TIMESTAMP, CURRENT_TIMESTAMP, 'f3b1de0f-b8db-4ab0-af35-a4f9420cf68f', 'b998edb6-2935-4f8b-a6fa-67cf1de80a22');
INSERT INTO cms_file_config_rule(uuid, created_at, updated_at, file_config_id, cms_file_rule_id) VALUES ('68219273-05c0-4c10-9f84-1c7f8fdd48ff', CURRENT_TIMESTAMP, CURRENT_TIMESTAMP, 'f7b67caf-431c-4ab9-beb4-de7ea434bfe4', 'b998edb6-2935-4f8b-a6fa-67cf1de80a22');
INSERT INTO cms_file_config_rule(uuid, created_at, updated_at, file_config_id, cms_file_rule_id) VALUES ('2db48790-02b4-4493-993b-c3608d32ab43', CURRENT_TIMESTAMP, CURRENT_TIMESTAMP, '603bfe4e-8154-4197-ad04-e8a26e515199', 'b998edb6-2935-4f8b-a6fa-67cf1de80a22');
INSERT INTO cms_file_config_rule(uuid, created_at, updated_at, file_config_id, cms_file_rule_id) VALUES ('c618597a-f386-4d8a-814e-e8d9bfd4085a', CURRENT_TIMESTAMP, CURRENT_TIMESTAMP, 'f1ea5c76-77f2-4aba-9be2-2a0af335a5df', 'b998edb6-2935-4f8b-a6fa-67cf1de80a22');
INSERT INTO cms_file_config_rule(uuid, created_at, updated_at, file_config_id, cms_file_rule_id) VALUES ('bdcfba36-8694-4de2-aa1e-c3f6fae177cd', CURRENT_TIMESTAMP, CURRENT_TIMESTAMP, 'e7553543-a4ce-4512-90e5-ad79e91c1e6e', 'b998edb6-2935-4f8b-a6fa-67cf1de80a22');
INSERT INTO cms_file_config_rule(uuid, created_at, updated_at, file_config_id, cms_file_rule_id) VALUES ('bf05e400-39ba-4b68-aca8-59f5d058e862', CURRENT_TIMESTAMP, CURRENT_TIMESTAMP, 'acbdf781-7b70-4e5c-8cec-5fcd0739db3c', '1fb7a46d-efb1-4577-bca1-be35e9221766');
INSERT INTO cms_file_config_rule(uuid, created_at, updated_at, file_config_id, cms_file_rule_id) VALUES ('e422bf61-af4e-4672-97d0-fd60d58e2f1a', CURRENT_TIMESTAMP, CURRENT_TIMESTAMP, 'ea9e1b6a-f5b5-4492-b173-40dfc592844c', '1fb7a46d-efb1-4577-bca1-be35e9221766');
INSERT INTO cms_file_config_rule(uuid, created_at, updated_at, file_config_id, cms_file_rule_id) VALUES ('eacc1f54-8097-421a-9836-465f4226e5e8', CURRENT_TIMESTAMP, CURRENT_TIMESTAMP, '72409a68-1416-43db-8a94-0011843c1ec9', '1fb7a46d-efb1-4577-bca1-be35e9221766');
INSERT INTO cms_file_config_rule(uuid, created_at, updated_at, file_config_id, cms_file_rule_id) VALUES ('45919352-a3c2-4453-b251-28dbabb1c4b6', CURRENT_TIMESTAMP, CURRENT_TIMESTAMP, '9a21232b-2729-4193-a761-44aaf34757bb', '90455108-115f-4a0b-b9b3-9165f3187c0c');
INSERT INTO cms_file_config_rule(uuid, created_at, updated_at, file_config_id, cms_file_rule_id) VALUES ('51dd866e-4153-4dc9-9f21-e707e0b4b526', CURRENT_TIMESTAMP, CURRENT_TIMESTAMP, '9afe8cfa-f913-48ce-a7f7-bac58740fc40', '90455108-115f-4a0b-b9b3-9165f3187c0c');
INSERT INTO cms_file_config_rule(uuid, created_at, updated_at, file_config_id, cms_file_rule_id) VALUES ('fc1a98c4-7905-4778-b65e-404bde42bd3a', CURRENT_TIMESTAMP, CURRENT_TIMESTAMP, '4877243e-8657-416c-8927-1bd625c290dc', '90455108-115f-4a0b-b9b3-9165f3187c0c');
INSERT INTO cms_file_config_rule(uuid, created_at, updated_at, file_config_id, cms_file_rule_id) VALUES ('1fbe11d2-b82a-4f86-94b4-c4319d77e735', CURRENT_TIMESTAMP, CURRENT_TIMESTAMP, 'ac3d6b20-b1a8-42a2-81c4-2858b688764a', '90455108-115f-4a0b-b9b3-9165f3187c0c');
INSERT INTO cms_file_config_rule(uuid, created_at, updated_at, file_config_id, cms_file_rule_id) VALUES ('77f6b373-13f7-4c80-aa1e-9bd160d45ce9', CURRENT_TIMESTAMP, CURRENT_TIMESTAMP, 'adb88b89-cd4b-4944-bb9e-dd062193799e', 'd5bca6ad-ad23-4438-a41a-159e7e30740b');
INSERT INTO cms_file_config_rule(uuid, created_at, updated_at, file_config_id, cms_file_rule_id) VALUES ('c43bde0c-94a9-41bd-820d-7ae7a62691a4', CURRENT_TIMESTAMP, CURRENT_TIMESTAMP, '766ef413-5ec6-42e2-8911-b8cd64f50938', 'f2c57561-e08f-4450-9615-84ac6b5589dd');
INSERT INTO cms_file_config_rule(uuid, created_at, updated_at, file_config_id, cms_file_rule_id) VALUES ('d874ed98-055d-492d-ba0e-f196fcfa1d63', CURRENT_TIMESTAMP, CURRENT_TIMESTAMP, 'e6eca744-e5c6-47ec-a471-503b10baaf2d', 'f2c57561-e08f-4450-9615-84ac6b5589dd');
INSERT INTO cms_file_config_rule(uuid, created_at, updated_at, file_config_id, cms_file_rule_id) VALUES ('27d80a59-2e51-4b94-8f0f-671bce8b464a', CURRENT_TIMESTAMP, CURRENT_TIMESTAMP, '08aae28e-1d7f-42b4-abb0-d1d144c9ae75', '9899f59b-9538-4dd9-b2e0-a1cc688e98e6');
INSERT INTO cms_file_config_rule(uuid, created_at, updated_at, file_config_id, cms_file_rule_id) VALUES ('0a32aba1-d6d4-48e2-948a-d7cb53391290', CURRENT_TIMESTAMP, CURRENT_TIMESTAMP, 'eea8032e-4b83-4f63-b1fb-1fab4dc43cfd', '9899f59b-9538-4dd9-b2e0-a1cc688e98e6');
INSERT INTO cms_file_config_rule(uuid, created_at, updated_at, file_config_id, cms_file_rule_id) VALUES ('424dd67e-bc9d-4986-a961-2332fe672658', CURRENT_TIMESTAMP, CURRENT_TIMESTAMP, '994d159e-3841-4162-a63a-f7ea405a1b77', '9899f59b-9538-4dd9-b2e0-a1cc688e98e6');
INSERT INTO cms_file_config_rule(uuid, created_at, updated_at, file_config_id, cms_file_rule_id) VALUES ('84122423-12fb-4c75-a726-6421cfcc763f', CURRENT_TIMESTAMP, CURRENT_TIMESTAMP, '854e2ff2-7b29-4302-8bef-56e82080d47e', '9899f59b-9538-4dd9-b2e0-a1cc688e98e6');
INSERT INTO cms_file_config_rule(uuid, created_at, updated_at, file_config_id, cms_file_rule_id) VALUES ('6dafe15a-e796-4445-87d6-967df6d733ac', CURRENT_TIMESTAMP, CURRENT_TIMESTAMP, '0d999964-9e31-4b9b-bff5-6048aa8422a2', '9899f59b-9538-4dd9-b2e0-a1cc688e98e6');
INSERT INTO cms_file_config_rule(uuid, created_at, updated_at, file_config_id, cms_file_rule_id) VALUES ('befd76f9-402d-4a71-b8f7-737a0bd12262', CURRENT_TIMESTAMP, CURRENT_TIMESTAMP, '98493955-ced4-47e3-bda4-7ce95d28f213', '9899f59b-9538-4dd9-b2e0-a1cc688e98e6');
INSERT INTO cms_file_config_rule(uuid, created_at, updated_at, file_config_id, cms_file_rule_id) VALUES ('bb338f4c-d91e-4a72-b754-f4231692c782', CURRENT_TIMESTAMP, CURRENT_TIMESTAMP, 'd164b66f-2295-4718-b062-b0a5fbcab9f4', '9899f59b-9538-4dd9-b2e0-a1cc688e98e6');
INSERT INTO cms_file_config_rule(uuid, created_at, updated_at, file_config_id, cms_file_rule_id) VALUES ('c338ceda-5ef1-4a49-bd3f-971cced21f58', CURRENT_TIMESTAMP, CURRENT_TIMESTAMP, 'e71b1424-40bb-43ae-9a60-e8480420f22c', 'd5bca6ad-ad23-4438-a41a-159e7e30740b');
INSERT INTO cms_file_config_rule(uuid, created_at, updated_at, file_config_id, cms_file_rule_id) VALUES ('a80914de-6fb2-4e51-8105-246108317e7b', CURRENT_TIMESTAMP, CURRENT_TIMESTAMP, '488f89b4-1908-4271-9f6e-3e37b97cabef', 'd5bca6ad-ad23-4438-a41a-159e7e30740b');
INSERT INTO cms_file_config_rule(uuid, created_at, updated_at, file_config_id, cms_file_rule_id) VALUES ('e187876f-a8e6-4288-9085-b45ad1afcaa9', CURRENT_TIMESTAMP, CURRENT_TIMESTAMP, '8ab50dc1-73c5-4959-95e9-26a125813afd', 'd5bca6ad-ad23-4438-a41a-159e7e30740b');
INSERT INTO cms_file_config_rule(uuid, created_at, updated_at, file_config_id, cms_file_rule_id) VALUES ('0e8f8c72-4e8f-4d31-b388-dadc628617b7', CURRENT_TIMESTAMP, CURRENT_TIMESTAMP, '1b799f3c-ee43-427a-88fe-95ca233b1331', 'd5bca6ad-ad23-4438-a41a-159e7e30740b');
INSERT INTO cms_file_config_rule(uuid, created_at, updated_at, file_config_id, cms_file_rule_id) VALUES ('4de38213-846f-413d-8b4b-2b6b9f734167', CURRENT_TIMESTAMP, CURRENT_TIMESTAMP, '61a56233-6ee6-4d64-a1c8-a7cfc3f5449e', 'd5bca6ad-ad23-4438-a41a-159e7e30740b');
INSERT INTO cms_file_config_rule(uuid, created_at, updated_at, file_config_id, cms_file_rule_id) VALUES ('30303940-13b6-42e7-88cb-bf65294a67a6', CURRENT_TIMESTAMP, CURRENT_TIMESTAMP, 'f00b551d-9355-436c-b576-fede0b91dffe', 'd5bca6ad-ad23-4438-a41a-159e7e30740b');
INSERT INTO cms_file_config_rule(uuid, created_at, updated_at, file_config_id, cms_file_rule_id) VALUES ('59ac7a8e-89c8-4ec7-ab7a-53b2355a9dd4', CURRENT_TIMESTAMP, CURRENT_TIMESTAMP, '07c84591-078a-4c8e-82a9-6e3c58e25637', 'd5bca6ad-ad23-4438-a41a-159e7e30740b');
INSERT INTO cms_file_config_rule(uuid, created_at, updated_at, file_config_id, cms_file_rule_id) VALUES ('2e8c2425-11c8-4f7c-93db-a3a1be836972', CURRENT_TIMESTAMP, CURRENT_TIMESTAMP, 'e2312249-2c20-402e-af43-3e6df063fae9', 'd5bca6ad-ad23-4438-a41a-159e7e30740b');
INSERT INTO cms_file_config_rule(uuid, created_at, updated_at, file_config_id, cms_file_rule_id) VALUES ('c7adc540-3fae-473a-b974-4b069d4f9e4b', CURRENT_TIMESTAMP, CURRENT_TIMESTAMP, 'b53492df-bf48-4315-a337-05e54f5bd9b3', 'd5bca6ad-ad23-4438-a41a-159e7e30740b');
INSERT INTO cms_file_config_rule(uuid, created_at, updated_at, file_config_id, cms_file_rule_id) VALUES ('ee4badc0-40d3-44d3-af5e-b88a8a60b8eb', CURRENT_TIMESTAMP, CURRENT_TIMESTAMP, 'ebbc728b-7875-4160-ab21-cbfcfc87af1c', 'd5bca6ad-ad23-4438-a41a-159e7e30740b');
INSERT INTO cms_file_config_rule(uuid, created_at, updated_at, file_config_id, cms_file_rule_id) VALUES ('f0068a94-c7dc-4996-9e5e-1b5fba48e53d', CURRENT_TIMESTAMP, CURRENT_TIMESTAMP, 'e00bec5c-9bb6-469a-b2f4-f12dbf11028b', 'd5bca6ad-ad23-4438-a41a-159e7e30740b');
INSERT INTO cms_file_config_rule(uuid, created_at, updated_at, file_config_id, cms_file_rule_id) VALUES ('b639880c-b889-48bf-84cd-99e57f190c87', CURRENT_TIMESTAMP, CURRENT_TIMESTAMP, 'a503ac89-f008-4b87-9d16-4e5152ecfefc', 'd5bca6ad-ad23-4438-a41a-159e7e30740b');
INSERT INTO cms_file_config_rule(uuid, created_at, updated_at, file_config_id, cms_file_rule_id) VALUES ('b2a9fdab-733e-4d61-98fd-b5f51b831277', CURRENT_TIMESTAMP, CURRENT_TIMESTAMP, '417ef55a-5974-4224-b57d-c929bcafd74f', 'd5bca6ad-ad23-4438-a41a-159e7e30740b');
INSERT INTO cms_file_config_rule(uuid, created_at, updated_at, file_config_id, cms_file_rule_id) VALUES ('e1e62127-9405-4f89-b47d-b2eaa8b09941', CURRENT_TIMESTAMP, CURRENT_TIMESTAMP, 'a0961da3-9613-4969-9e66-4090de0f75d4', 'd5bca6ad-ad23-4438-a41a-159e7e30740b');
INSERT INTO cms_file_config_rule(uuid, created_at, updated_at, file_config_id, cms_file_rule_id) VALUES ('55c8ceef-af1c-43ec-a0d7-5150b2be40e0', CURRENT_TIMESTAMP, CURRENT_TIMESTAMP, '7f7089a2-ea77-4c27-9f86-c33b55cbee8f', '48e94986-1cb8-4456-acea-ec9feb73f473');
INSERT INTO cms_file_config_rule(uuid, created_at, updated_at, file_config_id, cms_file_rule_id) VALUES ('2c40e510-5301-4a42-a8be-f1885051563d', CURRENT_TIMESTAMP, CURRENT_TIMESTAMP, '4d3047f4-841c-40d1-b65e-f8a2e5e77a96', '0bc12faf-2b6d-4054-8390-addbbc05e9bf');
INSERT INTO cms_file_config_rule(uuid, created_at, updated_at, file_config_id, cms_file_rule_id) VALUES ('1d1a2f0c-112d-4e52-9f6f-016d70b33264', CURRENT_TIMESTAMP, CURRENT_TIMESTAMP, '9f2acdd7-e976-4038-abf2-47a8df631b65', '1a589658-3c66-4f15-a37b-021a210a0243');
INSERT INTO cms_file_config_rule(uuid, created_at, updated_at, file_config_id, cms_file_rule_id) VALUES ('a3c60980-4ca6-48d9-b205-89ea6d58a2ff', CURRENT_TIMESTAMP, CURRENT_TIMESTAMP, 'b2ccb66a-96e2-4faa-9959-839caead7937', 'd5bca6ad-ad23-4438-a41a-159e7e30740b');
