truncate question_category;
INSERT INTO question_category (uuid, name, parent, product, status, created_at, updated_at) VALUES ('bba5b989-f0e1-4e03-8c73-cd02636656a8', '', null, 'TIEU_DUNG,XAY_SUA_NHA,BAT_DONG_SAN', 'ACTIVE', DEFAULT, DEFAULT);
INSERT INTO question_category (uuid, name, parent, product, status, created_at, updated_at) VALUES ('ada522cc-7787-4d33-b27a-3ee0ac670eac', 'Tiêu dùng', null, 'TIEU_DUNG', 'ACTIVE', DEFAULT, DEFAULT);
INSERT INTO question_category (uuid, name, parent, product, status, created_at, updated_at) VALUES ('fcbc1547-10f7-4b6b-985a-1e42ac35137d', 'Xây sửa nhà', null, 'XAY_SUA_NHA', 'ACTIVE', DEFAULT, DEFAULT);
INSERT INTO question_category (uuid, name, parent, product, status, created_at, updated_at) VALUES ('0abe708c-be9c-4a29-b8d1-e8b0eb8def94', 'Bất động sản', null, 'BAT_DONG_SAN', 'ACTIVE', DEFAULT, DEFAULT);

truncate question;
INSERT INTO question (uuid, status, content, category_id, created_at, updated_at) VALUES ('b2722eb0-c927-4b37-990e-1d6d29832175', 'ACTIVE', 'Kết quả hiển thị trên công cụ ước tính hạn mức vay mà có phải là số tiền tôi được đăng ký vay không?', 'bba5b989-f0e1-4e03-8c73-cd02636656a8', DEFAULT, DEFAULT);
INSERT INTO question (uuid, status, content, category_id, created_at, updated_at) VALUES ('46f1f888-7e60-4809-86bf-9eb41c9de58e', 'ACTIVE', 'Các khoản phí mà tôi cần chuẩn bị trước khi giải ngân?', 'bba5b989-f0e1-4e03-8c73-cd02636656a8', DEFAULT, DEFAULT);
INSERT INTO question (uuid, status, content, category_id, created_at, updated_at) VALUES ('46d19ae1-86a2-46b5-a037-e7146459552c', 'ACTIVE', 'Trường hợp tôi không thể thanh toán đúng hạn có bị tính lãi, phí phạt không?', 'bba5b989-f0e1-4e03-8c73-cd02636656a8', DEFAULT, DEFAULT);
INSERT INTO question (uuid, status, content, category_id, created_at, updated_at) VALUES ('190b5457-9b6b-4b1c-8dbf-db025e7d1f40', 'ACTIVE', 'Tôi có thể trả nợ khoản vay trước hạn không? Nếu trả nợ trước hạn, tôi có bị tính phí không?', 'bba5b989-f0e1-4e03-8c73-cd02636656a8', DEFAULT, DEFAULT);
INSERT INTO question (uuid, status, content, category_id, created_at, updated_at) VALUES ('897366b1-9255-4193-9d8c-6f3a83752839', 'ACTIVE', 'Tôi muốn Vay vốn để đóng học phí cho con, Ngân hàng có thể hỗ trợ không?', 'ada522cc-7787-4d33-b27a-3ee0ac670eac', DEFAULT, DEFAULT);
INSERT INTO question (uuid, status, content, category_id, created_at, updated_at) VALUES ('8c7c8fd4-829e-44b4-bfd8-d3a6207d4303', 'ACTIVE', 'MSB có thể cho vay phục vụ tiêu dùng tối đa trong bao lâu?', 'ada522cc-7787-4d33-b27a-3ee0ac670eac', DEFAULT, DEFAULT);
INSERT INTO question (uuid, status, content, category_id, created_at, updated_at) VALUES ('b8a32973-db64-4d16-bfd8-96381e05377a', 'ACTIVE', 'Tôi muốn vay vốn để xây nhà để cho thuê, Ngân hàng có thể hỗ trợ không?', 'fcbc1547-10f7-4b6b-985a-1e42ac35137d', DEFAULT, DEFAULT);
INSERT INTO question (uuid, status, content, category_id, created_at, updated_at) VALUES ('d81870bf-27ee-4a43-bd03-0548b0feecc5', 'ACTIVE', 'Tôi muốn vay vốn để sửa nhà cho bố mẹ đẻ, Ngân hàng có thể hỗ trợ không?', 'fcbc1547-10f7-4b6b-985a-1e42ac35137d', DEFAULT, DEFAULT);
INSERT INTO question (uuid, status, content, category_id, created_at, updated_at) VALUES ('d6a9574e-9402-44b6-86f5-59815ec11cc7', 'ACTIVE', 'Tổi có thể sử dụng chính Bất động sản dự kiến mua để thế chấp cho khoản vay không?', '0abe708c-be9c-4a29-b8d1-e8b0eb8def94', DEFAULT, DEFAULT);
INSERT INTO question (uuid, status, content, category_id, created_at, updated_at) VALUES ('79c1b5c6-ada5-4085-9732-0506b22b80a4', 'ACTIVE', 'Tôi không có tài sản để thế chấp cho khoản vay mua nhà, tôi có thể dùng tài sản của bố mẹ tôi để vay vốn?', '0abe708c-be9c-4a29-b8d1-e8b0eb8def94', DEFAULT, DEFAULT);

truncate answer;
INSERT INTO answer (uuid, status, content, question_id, created_at, updated_at) VALUES ('32889730-bd3d-4df0-a170-e26bb549bb4a', 'ACTIVE', 'Kết quả hiển thị trên công cụ ước tính hạn mức vay chỉ mang tính tham khảo. Hạn mức vay thực tế được xác định sau khi Khách hàng cung cấp đủ hồ sơ vay vốn theo quy định MSB', 'b2722eb0-c927-4b37-990e-1d6d29832175', DEFAULT, DEFAULT);
INSERT INTO answer (uuid, status, content, question_id, created_at, updated_at) VALUES ('5ce0e6bf-79b8-48fa-9191-fba7a8b45ecc', 'ACTIVE', 'Đối với khoản vay thế chấp, Ngay khi cung cấp hồ sơ cho MSB, Khách hàng cần chuẩn bị phí định giá TSBĐ để MSB xác định số tiền cho vay dựa trên giá trị TSBĐ. Khi đã được phê duyệt khoản vay, KH cần chuẩn bị phí công chứng hợp đồng bảo đảm và phí đăng ký giao dịch bảo đảm tiền vay để hoàn thiện thủ tục thế chấp cho Ngân hàng trước khi giải ngân.', '46f1f888-7e60-4809-86bf-9eb41c9de58e', DEFAULT, DEFAULT);
INSERT INTO answer (uuid, status, content, question_id, created_at, updated_at) VALUES ('cb6fab2b-0675-45f5-b4a3-3d12cf4ed07c', 'ACTIVE', 'Đến thời hạn trả nợ gốc/lãi theo quy định tại Hợp đồng tín dụng mà Khách hàng không trả được hoặc chỉ trả được một phần gốc/lãi thì:
Với phần gốc quá hạn: Khách hàng phải trả Lãi quá hạn bằng 150% lãi trong hạn tại thời điểm chuyển quá hạn tính trên dư nợ gốc bị quá hạn tương ứng với thời gian chậm trả.
Với phần lãi quá hạn: Khách hàng phải trả lãi chậm trả theo mức lãi suất bằng 10%/năm tính trên số tiền lãi chậm trả tương ứng thời gian chậm trả', '46d19ae1-86a2-46b5-a037-e7146459552c', DEFAULT, DEFAULT);
INSERT INTO answer (uuid, status, content, question_id, created_at, updated_at) VALUES ('fa45ac4e-9c4d-487e-ac4b-1c8cddc1e7c9', 'ACTIVE', 'Có, Khách hàng có thể trả nợ 1 phần hoặc toàn bộ nợ gốc trước hạn tùy vào tình hình tài chính. Phí trả nợ trước hạn căn cứ vào số tiền gốc trả trước hạn, hầu hết các gói lãi suất của MSB dành cho bạn đều miễn phí trả nợ trước hạn kể từ năm thứ 5 trở đi.', '190b5457-9b6b-4b1c-8dbf-db025e7d1f40', DEFAULT, DEFAULT);
INSERT INTO answer (uuid, status, content, question_id, created_at, updated_at) VALUES ('c7e4103f-feb5-4695-8849-a34e525c3731', 'ACTIVE', 'Có. MSB Tài trợ vốn phục vụ tiêu dùng, sinh hoạt bao gồm cả mục đích thanh toán học phí/ du lịch/ Khám chữa bệnh....cho Khách hàng, bố mẹ, con cái.', '897366b1-9255-4193-9d8c-6f3a83752839', DEFAULT, DEFAULT);
INSERT INTO answer (uuid, status, content, question_id, created_at, updated_at) VALUES ('12406dc6-0b52-4764-8bb3-caafb98dc66a', 'ACTIVE', 'Thời gian vay vốn đối với mục đích tiêu dùng có thế chấp tài sản tại MSB tối thiểu là 03 tháng, tối đa lên tới 10 năm.', '8c7c8fd4-829e-44b4-bfd8-d3a6207d4303', DEFAULT, DEFAULT);
INSERT INTO answer (uuid, status, content, question_id, created_at, updated_at) VALUES ('29c43b9e-e462-4c34-8742-fcb80de50ccf', 'ACTIVE', 'Có. MSB tài trợ mục đích vay vốn xây nhà để cho thuê lên tới 10 tỷ đồng, thời gian vay tối đa lên tới 15 năm.', 'b8a32973-db64-4d16-bfd8-96381e05377a', DEFAULT, DEFAULT);
INSERT INTO answer (uuid, status, content, question_id, created_at, updated_at) VALUES ('ad54509a-8d96-4fc6-b4ec-5edcd6d1ff54', 'ACTIVE', 'Có. MSB có tài trợ vốn phục vụ mục đích sửa chữa nhà cho người thân là bố mẹ của Khách hàng.', 'd81870bf-27ee-4a43-bd03-0548b0feecc5', DEFAULT, DEFAULT);
INSERT INTO answer (uuid, status, content, question_id, created_at, updated_at) VALUES ('f493cd5b-37ea-4ee9-9d07-0953275af174', 'ACTIVE', 'Có. Khách hàng có thể sử dụng Bất động sản đang giao dịch mua bán làm tài sản thế chấp cho khoản vay mua chính tài sản này (Áp dụng với Bất động sản đã có Giấy chứng nhận và phù hợp với quy định của Ngân hàng)', 'd6a9574e-9402-44b6-86f5-59815ec11cc7', DEFAULT, DEFAULT);
INSERT INTO answer (uuid, status, content, question_id, created_at, updated_at) VALUES ('a99f768a-4228-4a6a-9ad9-549f7a632676', 'ACTIVE', 'Có. Khách hàng có thể dùng tài sản của bố mẹ để thế chấp cho khoản vay của mình tại MSB', '79c1b5c6-ada5-4085-9732-0506b22b80a4', DEFAULT, DEFAULT);
